정류소 번호,정류소 아이디,정류소 명,위도,경도,정류장 구분
1001,167970102,영주삼거리,35.11532333,129.0332617,시내
1003,167970301,시민아파트,35.115075,129.0316783,시내
1005,167970302,중앙공원.민주공원입구,35.11447333,129.0298583,시내
1008,167970201,동아아파트,35.11396667,129.0304267,시내
1010,167660301,부산터널위,35.113068,129.031769,시내
1011,167840202,동주파크맨션,35.11144167,129.02967,시내
1013,168020202,금호아파트,35.11149667,129.03072,시내
1015,167840203,청운아파트,35.109655,129.0305383,시내
1017,168020201,부산디지털고,35.109566,129.031799,시내
1021,168020102,중구청.메리놀병원,35.10753447,129.0329333,시내
1024,167910102,거북맨션,35.10979623,129.0339339,시내
1026,167910202,코모도호텔,35.11018833,129.0348783,시내
1027,167670201,영주신호대,35.111245,129.0344317,시내
1028,167680201,영주동,35.11225491,129.0350043,시내
1036,167930101,2부두,35.10856167,129.0406533,시내
1044,169270202,연안여객터미널,35.10607667,129.039155,시내
1046,167930201,부산세관,35.10401667,129.03744,시내
1047,167710301,제일은행앞,35.10295167,129.0348333,시내
1048,167950102,백산기념관.영화체험박물관,35.10268257,129.0342469,시내
1052,167730101,부산항만공사,35.10077,129.037685,시내
1058,208830101,중앙공원.민주공원,35.112736,129.028602,시내
1061,167960201,영도대교.남포역,35.09731831,129.0360163,시내
1064,167850202,영도대교,35.09705833,129.035885,시내
1068,168000105,자갈치시장,35.097535,129.032435,시내
1076,168000102,신동아시장,35.09713381,129.0293006,시내
1080,167810401,서구청.충무동,35.09802842,129.0255678,시내
1083,167920101,부평시장,35.10125833,129.0251683,시내
1085,167920501,남포주유소,35.10150561,129.0225112,시내
1088,167890101,보수초등학교,35.10562987,129.0238655,시내
1090,167770301,보수사거리,35.10324833,129.0243683,시내
1092,167790201,국제시장,35.10284445,129.0286089,시내
1096,167790204,국제시장.부산근대역사관,35.10277284,129.030568,시내
1101,167790101,새들맨션,35.10501667,129.0309433,시내
1103,168250101,중구종합사회복지관,35.10577,129.02863,시내
1105,168410206,보수아파트,35.10738667,129.0261567,시내
1107,168410205,혜광고교,35.10892333,129.024225,시내
1111,167780101,보수동책방골목,35.10305667,129.0264483,시내
1113,167670203,코모도호텔입구,35.10809113,129.0343147,시내
1703,510080000,중부경찰서삼거리,35.10756417,129.0362468,시내
1704,510130000,중앙역.중부경찰서삼거리,35.10670363,129.0362418,시내
1705,510120000,중앙역.부산우체국,35.10333253,129.036284,시내
1707,509930000,부산데파트,35.1008113,129.0364297,시내
1709,509840000,남포역.옛시청교차로,35.09859655,129.035766,시내
1711,509830000,남포동,35.09792981,129.0325367,시내
1713,510040000,자갈치역.비프광장,35.09812482,129.0295042,시내
2002,168570301,구덕초등학교,35.1195851,129.0129313,시내
2004,168780301,서부교육청,35.11816833,129.0119733,시내
2006,168470401,동아대병원입구,35.1174473,129.0167113,시내
2007,168570101,구덕운동장,35.11655833,129.0167683,시내
2009,168950301,동대신3동,35.11722,129.0182933,시내
2011,168410202,동대고개,35.11605684,129.0217543,시내
2013,168410203,대신여중,35.1133,129.0257783,시내
2015,168410204,락서암,35.11035667,129.0246133,시내
2018,167900101,화랑초등학교,35.10983305,129.0227178,시내
2020,168370101,동대시장,35.11065502,129.0199411,시내
2022,168670301,동대시장.동대신역,35.11041004,129.0184501,시내
2023,168670101,부산터널입구,35.11166396,129.0228448,시내
2024,168820301,서여고,35.11262833,129.0212833,시내
2026,168470202,동신초등학교입구,35.11453833,129.0192617,시내
2027,168470201,동신초등학교,35.11513,129.01817,시내
2030,168330101,문화아파트,35.11544584,129.0166483,시내
2031,168340201,부경고교,35.114255,129.0140117,시내
2034,168620401,삼육부산병원,35.112665,129.011595,시내
2035,168610101,삼육부산병원.서대신역,35.11159667,129.0119117,시내
2036,168620302,서대신교차로.서대신역,35.11057689,129.0111201,시내
2038,168760101,광민약국.서대신동,35.11106833,129.0098167,시내
2040,168620201,서대신역.서부경찰서,35.11043,129.01316,시내
2041,168620101,서대신역.서대신교차로,35.11225669,129.0132317,시내
2043,168320303,구덕운동장(종점),35.11389,129.0157633,시내
2045,168320301,서대신우체국,35.11290253,129.0164914,시내
2046,168320201,동대신역,35.11107765,129.0171518,시내
2048,168370301,서대시장.동대신역,35.1098648,129.0167973,시내
2050,168280101,서대시장,35.10945,129.0161717,시내
2052,168370201,서부교회,35.10918667,129.0183,시내
2055,168460304,대진아파트,35.08727667,129.0244833,시내
2056,168350201,동아대부민캠퍼스,35.106025,129.0200917,시내
2057,168950101,동아대학교병원,35.11942772,129.0166502,시내
2061,168530401,영락교회,35.10338333,129.02061,시내
2064,168380101,부산대학병원.토성역,35.10134333,129.019925,시내
2066,168380401,토성역.아미동입구,35.09994,129.018015,시내
2068,168500301,아동보호종합센터,35.10001667,129.0158717,시내
2069,168500302,양성슈퍼,35.10022333,129.0133567,시내
2070,168600301,까치새길입구,35.10138,129.01153,시내
2071,168600302,아름다운교회,35.10309,129.0109617,시내
2076,168500201,아미치안센터,35.09943502,129.0160775,시내
2078,168490101,아미초등학교,35.09774333,129.017205,시내
2080,168380301,토성동,35.09805,129.0205283,시내
2084,208920102,암남공원,35.06311833,129.019225,시내
2085,167920303,서구청,35.09764789,129.0251522,시내
2087,168460201,충무동해안시장,35.09615736,129.0252464,시내
2089,211000106,자갈치역.충무동해안시장,35.09577425,129.0245128,시내
2090,168460303,충무동교차로,35.09562667,129.0242667,시내
2091,168460401,자갈치역.충무동교차로,35.09662684,129.0238026,시내
2094,168750302,하동상회,35.09623833,129.0182383,시내
2096,168750301,초장중학교,35.094505,129.0190867,시내
2098,168480103,초장동,35.09285671,129.018436,시내
2100,168750201,대원사,35.091555,129.020005,시내
2102,168400201,남부민시장입구,35.09265387,129.0221269,시내
2104,168460301,충무쇼핑.충무동새벽시장,35.092815,129.023895,시내
2106,211000104,공동어시장,35.089665,129.024375,시내
2108,168540303,남부민초등학교,35.08782833,129.0234067,시내
2110,168640303,동천아파트,35.09005667,129.021685,시내
2112,168750203,남부민동경로당,35.08767,129.02179,시내
2114,168730202,천마우편취급국,35.08584833,129.0225133,시내
2116,168460305,등대시장,35.08471333,129.02478,시내
2118,211000101,대림아파트,35.082445,129.0251483,시내
2120,168450102,부산관광고교,35.08211833,129.0220017,시내
2121,168540301,남부민2동주민센터,35.083805,129.020285,시내
2124,168540101,신익아파트,35.07998833,129.02039,시내
2126,211000201,암남동주민센터,35.07986201,129.0213187,시내
2128,168560101,송도교차로,35.07836833,129.0183633,시내
2129,168560301,송도입구,35.079465,129.0180467,시내
2130,168420301,고신대학교복음병원,35.08147046,129.0161511,시내
2131,168430201,알로이시오기념병원,35.08211833,129.01282,시내
2136,168560201,송도초등학교,35.07883833,129.016815,시내
2138,209910203,송도해수욕장,35.076375,129.0161333,시내
2140,168560203,송도공영주차장,35.074225,129.015295,시내
2142,208920202,혜성아파트,35.07149833,129.0161383,시내
2144,208920101,휴게소,35.06607833,129.0192967,시내
2147,168550201,모지포마을입구,35.06279167,129.0163333,시내
2148,168550202,모지포마을,35.06377167,129.014585,시내
2149,168780102,경성전자고등학교,35.11605574,129.0135498,시내
2151,168510101,동원냉장,35.065605,129.012798,시내
2152,168510301,감천1.2.3부두,35.06832833,129.0094683,시내
2154,168760201,민들레맨션,35.10864833,129.0092033,시내
2156,210980301,인성글로벌냉장,35.072705,129.006735,시내
2158,208850201,한일냉장,35.08054,129.0053883,시내
2160,168780302,서대신금호아파트(종점),35.11932333,129.0111617,시내
2161,209910201,송도혜성아파트(종점),35.072275,129.015955,시내
2162,168250305,동대신2동,35.11524333,129.0238267,시내
2166,208850202,동양레미콘,35.07578667,129.0060017,시내
2169,168780101,대신중학교,35.117025,129.01375,시내
2170,168570501,경남고등학교,35.11913667,129.0179917,시내
2171,208920201,현대아파트,35.07090221,129.0175323,시내
2173,168750204,해강노인관,35.08504167,129.0202183,시내
2177,168520201,성진수산,35.06218652,129.0120101,시내
2179,168850201,부산국제수산물도매시장,35.059938,129.011436,시내
2182,212650201,수산가공선진화단지입구,35.05705224,129.0122832,시내
2184,215970101,수산가공선진화단지,35.05463798,129.0119554,시내
2186,168750205,남부민동,35.08326948,129.0179927,시내
2187,168630201,동산교회,35.08439027,129.0157694,시내
2188,168870201,알로이시오고교,35.08234815,129.0122987,시내
2191,210740201,천마마을,35.08451163,129.0144322,시내
2195,168600303,까치고개,35.10458167,129.011425,시내
3001,170050202,범곡교차로,35.14008672,129.0562937,시내
3003,169300101,부산범천교회,35.14184118,129.0548604,시내
3004,169210102,아름빌아파트,35.14152152,129.0522487,시내
3006,169210101,서광교회,35.139965,129.05114,시내
3008,169410301,범일초등학교,35.14069833,129.0490067,시내
3009,169410302,삼화약국,35.14337333,129.0487933,시내
3014,210060101,성북고개,35.138795,129.04816,시내
3017,210060201,좌천할인마트.서린엘마르더뷰,35.13672468,129.0470004,시내
3018,210050101,좌천동농심가슈퍼,35.13684333,129.0472967,시내
3019,169230301,수정삼거리,35.13534833,129.04568,시내
3023,169230201,수정5동,35.13402167,129.0446783,시내
3025,169230202,수정성당입구,35.13232833,129.046115,시내
3027,169440301,수정초등학교,35.13136667,129.046995,시내
3028,169200101,수성초등학교,35.13391167,129.042705,시내
3030,169200301,동여중,35.13232167,129.042245,시내
3032,169500301,수정2동,35.13030167,129.04061,시내
3034,169500101,수정아파트,35.12719,129.040875,시내
3036,169500102,묘심사,35.12651333,129.03943,시내
3037,169180201,부산서중학교,35.12593656,129.0357555,시내
3040,169310103,초량6동,35.12421,129.0348467,시내
3042,169310102,부산컴퓨터과학고교,35.12223833,129.0338733,시내
3044,169310101,금수사,35.11983167,129.0307667,시내
3046,169450502,초량6동주민센터,35.12013667,129.0337367,시내
3048,169310203,(구)해룡약국,35.119645,129.0361217,시내
3049,169310301,화신아파트,35.11851833,129.0300883,시내
3051,169310302,동일파크맨션,35.11687512,129.0336164,시내
3061,169330202,부산역후문,35.11431167,129.0430417,시내
3065,169100301,국민은행,35.11718,129.0396433,시내
3066,169450401,초량지구대,35.11792622,129.0377286,시내
3068,169450503,부산고교,35.120503,129.038198,시내
3073,169140301,초량시장입구,35.11864627,129.0407977,시내
3074,169130201,부산역.초량시장입구,35.11687316,129.0401425,시내
3082,169030401,초량역3번출구,35.119834,129.041653,시내
3083,169450101,(구)성분도병원,35.12259833,129.0403283,시내
3085,169040301,경남여중,35.12411333,129.042385,시내
3086,169040201,인창병원,35.12268333,129.0429317,시내
3093,169340201,4부두,35.11929966,129.0475395,시내
3099,169610202,고관입구,35.12634833,129.0453733,시내
3101,169490101,동구청,35.12684333,129.045055,시내
3103,169440201,수정시장,35.12862,129.04634,시내
3113,169350101,부두119안전센터,35.12567358,129.0513983,시내
3115,169670401,남해지방해양경찰청,35.127555,129.05485,시내
3124,170030201,범일5동주민센터,35.13042333,129.05423,시내
3126,170000201,대양산업,35.13132667,129.0573333,시내
3128,169940101,보급창,35.132115,129.059665,시내
3129,169920201,자성대,35.13458667,129.06077,시내
3136,169950302,좌천동가구거리(좌천역),35.13527,129.0552367,시내
3144,169770201,시민회관.동부산우체국,35.13829333,129.0625433,시내
3146,169990101,범일동국민은행,35.13892595,129.0608784,시내
3149,164200201,자유.평화시장,35.1406355,129.0602515,시내
3151,208120101,덕림아파트,35.12631553,129.0384861,시내
3153,169450504,초량어린이집,35.11968113,129.0318436,시내
3157,169530101,수정4동(종점),35.12741667,129.0387633,시내
3158,169860101,범5호교,35.14061,129.0630217,시내
3159,169210202,범일초등학교입구,35.139865,129.051478,시내
3161,169210201,나웅하이빌,35.1388205,129.053638,시내
3165,169220102,금성고등학교,35.1344761,129.05213,시내
3167,169220103,좌이경로당,35.1329991,129.049849,시내
3169,169240201,하승빌라,35.1341937,129.048035,시내
3171,169170201,아르미나아파트,35.12552096,129.0357889,시내
3172,169470101,수정1동공영주차장,35.12484024,129.0390241,시내
3173,169070201,이편한세상부산항.(구)성분도병원,35.1224433,129.0400831,시내
3175,169950101,한성기린아파트,35.13913567,129.056577,시내
3178,169470102,한림유치원,35.12393281,129.0399311,시내
3179,216730101,부산항국제여객터미널,35.11776084,129.0483051,시내
3180,216740101,부산항국제여객터미널입구,35.11762546,129.0475176,시내
3182,169200302,수정산가족체육공원입구,35.13175671,129.0404965,시내
3183,169070301,걸스카우트회관,35.12291259,129.0393737,시내
3186,504670000,눌원빌딩,35.13684331,129.0652516,시내
3210,169420101,안창마을입구,35.1444,129.04819,시내
3701,509900000,범일역,35.13749004,129.0592891,시내
3703,509980000,부산진시장,35.13536722,129.0593234,시내
3706,510060000,자성대교차로,35.13418362,129.0588411,시내
3708,510070000,좌천역.좌천삼거리,35.13308302,129.0538661,시내
3709,509920000,봉생병원,35.13059194,129.0505044,시내
3711,509990000,부산진역,35.12891709,129.048828,시내
3713,509780000,YMCA,35.12520457,129.0450769,시내
3715,509810000,경남여중입구,35.12295981,129.0437924,시내
3717,510140000,초량역.초량교차로,35.12019929,129.0423633,시내
3719,509960000,부산역,35.11607999,129.0400122,시내
4001,170170301,미광마린타워,35.09360833,129.043095,시내
4002,170160101,영도봉래시장,35.09332833,129.0432417,시내
4003,170350401,해동병원,35.091975,129.0441417,시내
4005,170300301,영선119안전센터,35.09016333,129.04319,시내
4007,170300402,영도우체국,35.09148066,129.0420142,시내
4010,170180401,대교동,35.09262167,129.0386567,시내
4011,170400301,영도경찰서,35.09299,129.0377683,시내
4014,211060201,깡깡이예술마을,35.09129,129.0374417,시내
4016,211500301,남항동,35.09011667,129.03854,시내
4017,211500101,대교사거리,35.09146252,129.0394619,시내
4020,171050101,태종대초등학교,35.06489667,129.081115,시내
4021,211240301,남항시장,35.088785,129.04245,시내
4024,208940102,차고지,35.06341409,129.081256,시내
4025,170240101,영선아랫교차로,35.08623167,129.04011,시내
4028,170220502,영선위교차로,35.085475,129.0424417,시내
4031,170100101,부산보건고,35.08302,129.04135,시내
4033,170380201,흰여울문화마을,35.07958154,129.0441938,시내
4037,211170101,신선중학교,35.08152667,129.0448017,시내
4039,170430101,신선동주민센터,35.0833694,129.0453847,시내
4041,170440101,남도여중,35.08609,129.046145,시내
4043,211830102,삼거리이용원,35.09156667,129.0489533,시내
4044,170340301,외나무약국,35.08824,129.046955,시내
4046,211830101,영도배수지,35.09044,129.04797,시내
4048,170120201,센트럴에일린의뜰,35.09223667,129.04952,시내
4051,170940303,봉래2동마을건강센터,35.09375167,129.052765,시내
4053,170110103,영월사,35.09401167,129.0544517,시내
4055,170940301,청학고개,35.09405,129.05663,시내
4056,170350201,교통순찰대.센트럴에일린의뜰,35.09366073,129.0464317,시내
4059,170310201,한성맨션,35.09499374,129.0507646,시내
4061,211390302,HJ중공업,35.09603833,129.0536567,시내
4063,170310101,봉학초등학교,35.09564417,129.0535611,시내
4064,211390301,SK부산저유소,35.09797048,129.0556113,시내
4065,170310102,신도브래뉴아파트,35.0972777,129.0554676,시내
4066,210810101,청학시장,35.09721,129.0598767,시내
4067,170980302,청학동부산은행,35.09644667,129.0615367,시내
4069,170930101,청학성당,35.09574333,129.063065,시내
4070,171000302,청학주유소,35.09403333,129.0648033,시내
4072,170990101,영도구청,35.08944833,129.068255,시내
4074,209570301,동삼주공,35.08613833,129.07252,시내
4075,170990102,동삼주공아파트입구,35.08688833,129.0716567,시내
4076,171200201,상리종합사회복지회관,35.08539333,129.0710383,시내
4078,171210201,동삼3동주민센터,35.08443167,129.0687383,시내
4080,171480102,관리사무소,35.08517,129.0674267,시내
4081,171480101,나상가,35.08631667,129.06722,시내
4082,171200101,동삼삼거리,35.0846578,129.0722925,시내
4084,211100201,일동미라주아파트,35.08184,129.0708,시내
4086,209710401,동삼시장,35.079165,129.0703733,시내
4088,171130201,동삼국민은행앞교차로,35.076183,129.072144,시내
4090,171190301,삼창파크맨션,35.07539833,129.0725783,시내
4091,171060302,에덴금호아파트,35.07241333,129.075435,시내
4093,171290102,해양대입구,35.071358,129.07817,시내
4095,171050102,하리,35.06874667,129.0804283,시내
4098,171280101,롯데캐슬블루오션,35.07310333,129.0728533,시내
4099,171190302,KT동삼빌딩,35.07306167,129.0726417,시내
4100,171280401,중리초등학교,35.07349333,129.07194,시내
4102,171310302,벽산비치타운,35.07509667,129.07092,시내
4104,171070202,체육고등학교,35.07158588,129.0663295,시내
4105,171370302,쌍용자동차학원,35.08637475,129.0594827,시내
4106,171310301,동삼1동행정복지센터,35.07549833,129.0685217,시내
4108,171140201,절영아파트,35.07624,129.06582,시내
4110,171150301,고신대학,35.07810167,129.064515,시내
4114,171240202,청학초등학교,35.09258167,129.059755,시내
4115,171070302,영도여고,35.07268,129.0646867,시내
4118,170920301,해동중학교,35.07157167,129.069115,시내
4119,171280301,조양아파트,35.07230327,129.0712548,시내
4121,171330202,남고교,35.06973,129.0672017,시내
4122,171330201,영도중리,35.06957667,129.06695,시내
4124,171080201,함지그린아파트,35.07015833,129.0614083,시내
4126,171080102,절영복지회관,35.07157993,129.0622808,시내
4128,171070303,반도보라아파트,35.07114,129.0608467,시내
4130,171350101,75광장,35.07080167,129.05827,시내
4133,171350201,함지골수련원,35.07302333,129.0538767,시내
4135,171620101,백련사,35.07584,129.0485283,시내
4137,171620201,영선아파트,35.07776833,129.04631,시내
4139,171360202,고신대3강의동,35.08042688,129.0637483,시내
4141,170320301,홈플러스,35.09573,129.04468,시내
4145,171360201,광명고교,35.081915,129.062705,시내
4147,171410201,일신마리나아파트,35.08664,129.06311,시내
4148,171390101,롯데낙천대,35.08836789,129.0607859,시내
4149,171440101,(구)해사고,35.08889167,129.0597033,시내
4150,170950301,영광아파트,35.09116,129.05691,시내
4151,170950302,시영아파트,35.09210167,129.0526283,시내
4166,171470301,삼신아파트,35.09231,129.05434,시내
4167,171470201,청산학원,35.09000115,129.0579636,시내
4168,171130301,영도교회,35.07690816,129.0735132,시내
4170,171180101,동삼초등학교,35.079372,129.0740819,시내
4172,171170401,국제크루즈터미널입구,35.0802089,129.0773159,시내
4174,171170402,미창석유,35.08579202,129.0758456,시내
4176,170970201,송강중공업,35.0886804,129.0721671,시내
4177,211380101,(주)국보,35.08966599,129.0710528,시내
4178,211380301,(주)거청,35.09421993,129.067906,시내
4180,211380302,대선조선,35.096235,129.063855,시내
4182,211380303,청학수변공원,35.0980791,129.0600506,시내
4184,211380304,부산조선,35.09948504,129.0581312,시내
4186,215470104,국립해양박물관,35.07808618,129.0790178,시내
4187,210960101,영선2동행정복지센터,35.08705756,129.0420271,시내
4192,171050202,태종대.태종대온천,35.06368167,129.080885,시내
4196,171130101,동삼혁신지구입구.동삼교회,35.073838,129.074425,시내
4197,171130202,동삼혁신지구입구,35.07532098,129.073675,시내
4198,171060401,한국해양대.부산해사고,35.07244974,129.0774196,시내
4200,217270202,한국해양수산연수원,35.07643306,129.0753063,시내
4202,217270201,국립수산물품질관리원,35.07894605,129.0751178,시내
5005,210470301,세정고등학교,35.174984,129.076401,시내
5006,172680101,가야1치안센터,35.15462167,129.036825,시내
5007,171900302,미진마트,35.15198667,129.035565,시내
5008,172470401,청수탕,35.169885,129.035095,시내
5010,164370201,부전역,35.162235,129.0621467,시내
5011,164820301,양정역6번출구,35.1737427,129.0730445,시내
5014,164000201,양정역4번출구,35.17324109,129.0723865,시내
5017,164000501,백조아파트,35.17365333,129.06983,시내
5023,164190101,양정대원칸타빌,35.17066464,129.067643,시내
5025,172180401,국제백양아파트,35.16839244,129.0277048,시내
5027,164010301,하마정,35.17428833,129.0673783,시내
5029,164030101,양정현대아파트,35.17457166,129.0652702,시내
5030,164030301,정묘사,35.17448,129.061503,시내
5032,164030302,화인아파트,35.17186,129.05919,시내
5034,164040201,부산시민공원,35.17111953,129.0563599,시내
5035,171720202,국립부산국악원,35.17164726,129.0548957,시내
5036,172480301,성의신용협동조합,35.17389898,129.0550306,시내
5038,171720302,부산진고교,35.17832493,129.0536795,시내
5040,171710301,초읍초등학교,35.18054595,129.0513468,시내
5042,171690301,어린이대공원입구,35.18113696,129.0471176,시내
5044,171690302,삼광사입구,35.17769271,129.0480443,시내
5046,171690303,성곡시장입구,35.17500948,129.0487731,시내
5047,171690304,성곡시장,35.17388707,129.0490879,시내
5050,172100501,부산시설공단,35.17163358,129.049929,시내
5051,171660101,LG디스커버리랩,35.16962411,129.0501223,시내
5052,172480201,연지일동아파트,35.1699,129.05219,시내
5054,172500201,부암고가교,35.16773,129.049845,시내
5056,172500301,동원아파트.협성휴포레,35.16642333,129.0481917,시내
5057,172370102,동원아파트,35.16638167,129.0483717,시내
5058,172500302,부암새고개,35.16596667,129.0457167,시내
5060,172690101,동의대학교입구.동의대역,35.153645,129.031235,시내
5061,193500303,시민도서관,35.18312604,129.0506159,시내
5062,172370301,당감시장,35.16604343,129.0412438,시내
5064,164620301,네오스포,35.15306558,129.053985,시내
5066,165240301,협성피닉스,35.170065,129.0386167,시내
5068,165250301,부암3동주민센터,35.16866514,129.0395628,시내
5071,171980301,늘푸른교회,35.17008667,129.0364717,시내
5074,172140501,용사촌입구,35.17118529,129.0337403,시내
5077,172410301,백양터널,35.171365,129.024862,시내
5078,172160401,당감백산아파트,35.16923833,129.0329367,시내
5079,172690302,가야전신전화국,35.15365993,129.0287717,시내
5081,172780101,당감동,35.16856,129.03596,시내
5082,172450301,부산진구생활문화센터,35.167715,129.036835,시내
5083,171880201,화승삼성아파트,35.16671402,129.0387451,시내
5085,172370302,당감사거리,35.16567959,129.0396643,시내
5087,172650301,당감초등학교,35.16341667,129.039665,시내
5089,172220101,태을의원,35.16536333,129.03863,시내
5090,172570301,당감4동,35.16532667,129.0378283,시내
5092,172220301,개성고등학교입구,35.16498,129.0342167,시내
5094,172360301,백양로교회앞,35.16430333,129.0313683,시내
5096,172180402,개원초등학교,35.16624833,129.0288,시내
5097,172600101,국제프라자아파트,35.16763288,129.0275409,시내
5101,171940301,개금주공아파트,35.15900789,129.0305283,시내
5102,171940302,개포초등학교,35.15846038,129.0282943,시내
5103,172050201,한국신발관,35.15785478,129.0257475,시내
5104,172070201,개금3동주민센터,35.15607729,129.0229081,시내
5106,172060301,신개금엘지아파트,35.15486249,129.0194834,시내
5108,173130301,개금역.개금초등학교,35.15424458,129.020885,시내
5110,194660301,냉정고개,35.15176789,129.0154336,시내
5113,172310301,개금역,35.15223776,129.0201777,시내
5115,172110303,개금1치안센터,35.15040167,129.02111,시내
5117,172270301,백병원입구,35.14829828,129.0198773,시내
5118,172790201,주례여자고등학교,35.14782982,129.0164061,시내
5119,194590201,개금시장,35.14821333,129.0172633,시내
5123,165260201,벽산아파트,35.147705,129.0234433,시내
5126,165260101,진성아파트,35.14869,129.0265767,시내
5128,172020101,가야공원입구,35.14773667,129.028865,시내
5130,172550101,가야고교,35.14771167,129.0311967,시내
5132,172520201,가야여중,35.14788,129.03466,시내
5134,172910201,가남시장,35.14963167,129.0345067,시내
5140,172120203,가야2동새마을금고,35.15105667,129.0294333,시내
5142,172120201,골목시장,35.15099167,129.024965,시내
5144,173150101,개금삼거리,35.15292861,129.0263115,시내
5152,172560101,당평초등학교,35.15973685,129.0349275,시내
5154,172250101,당감1치안센터,35.16202174,129.0427897,시내
5156,172240101,진양교차로,35.1623498,129.0466208,시내
5159,172340101,부암초등학교,35.16295831,129.0503032,시내
5161,172100301,부암교차로,35.16681899,129.0501466,시내
5162,171860201,삼부아파트,35.16629156,129.0506055,시내
5165,171960201,부산진구청,35.1635423,129.0543837,시내
5166,171960401,부산진구청.시민공원남1문,35.16444762,129.0537959,시내
5168,172620102,부산진중학교,35.16446752,129.0554607,시내
5169,172620101,부산시민공원남문,35.16557516,129.0582429,시내
5171,164470201,동해선부전역,35.16457052,129.0623605,시내
5186,164420501,부전시장입구,35.15902619,129.0582699,시내
5189,164630301,롯데호텔백화점.서면역,35.15785624,129.0558565,시내
5192,172640401,부암역.당감입구,35.15854838,129.0506823,시내
5194,172640301,부암역,35.157205,129.0490133,시내
5196,172080201,CBS방송국,35.15272667,129.04975,시내
5199,172540301,범천건강문화센터,35.1511,129.0483017,시내
5201,172540302,선암초등학교,35.14972167,129.0497633,시내
5203,172710101,약수터입구,35.14763667,129.05039,시내
5205,169420103,서호정사,35.14550333,129.051155,시내
5207,172710202,호천마을입구,35.14421167,129.05018,시내
5211,172700101,신암.범천2동주민센터,35.14849333,129.053785,시내
5213,164690201,경남아파트,35.14402,129.0559417,시내
5223,164090201,범내골역.상공회의소,35.14776933,129.0610247,시내
5225,164290501,지오플레이스,35.15038851,129.0642628,시내
5226,172730202,동의대학교입구,35.1476,129.03381,시내
5228,164100302,범내골역,35.14759415,129.0590126,시내
5230,164670201,부산진초등학교,35.150334,129.058226,시내
5234,164650201,서면복개로,35.153564,129.057776,시내
5236,164640301,서면시장,35.15610907,129.0576696,시내
5241,164670502,서면1번가,35.15408195,129.0579148,시내
5250,164170301,전포초등학교,35.159305,129.0623933,시내
5253,164340101,NC서면점,35.15767813,129.0630468,시내
5257,164320201,전포사거리,35.15661,129.0652017,시내
5258,164320101,(구)대우자동차,35.1577683,129.066701,시내
5259,164280201,경남공고(전포역),35.15308333,129.0651933,시내
5260,164330101,부산진여자중학교,35.155285,129.0683233,시내
5263,164310101,동성고교,35.15175785,129.0682891,시내
5264,164290401,성북초등학교,35.15009508,129.067177,시내
5266,164290301,부산마케팅고등학교,35.1500849,129.0694985,시내
5268,172080301,가야시장.가야역,35.156145,129.0435367,시내
5271,164570302,전포고개,35.15158333,129.0712267,시내
5273,164570301,전포삼거리,35.15334833,129.07179,시내
5275,164580201,전포아파트,35.155225,129.0716583,시내
5276,165270201,개성고등학교,35.17036833,129.0315867,시내
5277,164450101,서면부속상가,35.15765496,129.0610211,시내
5278,164340201,부전도서관,35.15578167,129.0623333,시내
5279,164300201,경남공고,35.15287259,129.0622428,시내
5285,165290101,기점,35.17095543,129.0316037,시내
5286,171970301,백양맨션,35.1702209,129.035029,시내
5288,171760302,백양가족공원,35.17225167,129.0289267,시내
5290,171760301,선암사입구,35.17354,129.0306517,시내
5292,172560201,당감3동우체국,35.15955343,129.0329875,시내
5293,172580201,백양뜨란채아파트,35.17122167,129.0293733,시내
5295,171730301,초읍삼거리,35.18191647,129.0490502,시내
5297,164360101,부전시장,35.16238167,129.0582667,시내
5298,171720301,연지청구아파트,35.17631319,129.0548021,시내
5299,171710202,연지한신타워,35.17583121,129.0546375,시내
5301,171760201,동원초등학교,35.17219667,129.0328833,시내
5303,165240101,동평유치원,35.16826667,129.0409233,시내
5307,172590101,당감4동우체국,35.17160167,129.0271867,시내
5311,209530101,화신아파트(종점),35.15908667,129.0711,시내
5315,208190201,은하수공원,35.17400167,129.031395,시내
5318,169710101,범내골역3번출구.춘해병원,35.14671342,129.0588701,시내
5322,164580301,파티마의원,35.15686333,129.0710733,시내
5334,172360401,태우선파크APT,35.16736139,129.0331259,시내
5337,164920201,롯데캐슬스카이,35.16290667,129.0654567,시내
5338,164350201,전포어린이놀이터,35.15974112,129.0669411,시내
5344,164620303,부암역.부산도시공사,35.1559,129.051292,시내
5347,172640101,부산글로벌빌리지,35.1573557,129.052147,시내
5348,172410202,당감동일스위트,35.16915763,129.0267989,시내
5350,164180401,송상현광장,35.16440723,129.0632215,시내
5353,171690101,어린이대공원,35.18210165,129.0474897,시내
5359,164700401,부산진구청후문,35.16137723,129.0528106,시내
5360,220370101,부산진구청정문,35.16315001,129.0524272,시내
5362,505730000,당감입구교차로,35.16157968,129.0392277,시내
5364,506970000,부산진경찰서,35.16021257,129.0547977,시내
5365,506980000,서면교차로,35.1578888,129.061751,시내
5367,509670000,신암입구,35.15538924,129.0474728,시내
5701,505840000,상수도사업본부,35.17482394,129.0725668,시내
5703,505910000,양정역,35.17153877,129.0699592,시내
5710,505860000,서면역.서면지하상가,35.155167,129.0592519,시내
5712,505870000,서면한전,35.15241336,129.0592867,시내
5716,510090000,중앙시장,35.14325962,129.059429,시내
6001,166150101,식물원입구,35.22372622,129.0817292,시내
6003,166150301,온천시장,35.22205753,129.0809879,시내
6005,165860101,금강원입구,35.22026772,129.080488,시내
6007,166150302,온천장,35.21932656,129.0797737,시내
6011,165350201,온천장역.SK허브스카이,35.221748,129.085022,시내
6015,166160101,온천장역,35.21849695,129.0850334,시내
6017,174370203,온천입구,35.2176265,129.0867561,시내
6022,166160301,온천장아스타아파트,35.217125,129.083508,시내
6025,179510301,늘봄호텔,35.2159135,129.079751,시내
6026,166840201,(구)온천시장,35.21637838,129.0794221,시내
6027,179450101,전자공고,35.21507437,129.0774378,시내
6028,166010301,원예고등학교,35.21374167,129.07549,시내
6029,165950101,효자암,35.21595588,129.0665987,시내
6030,165500501,롯데백화점동래점.명륜역,35.2127,129.0780083,시내
6033,165510201,명륜역,35.2135033,129.079733,시내
6036,165390403,동래구노인복지관,35.21357167,129.08313,시내
6039,165330102,개별화물협회,35.21497676,129.064984,시내
6041,167140101,동래우체국,35.20984,129.0825483,시내
6042,167140102,명륜초등학교,35.20884766,129.0824953,시내
6046,166000201,롯데백화점동래점,35.21025667,129.07778,시내
6047,166060201,럭키주유소,35.20889667,129.0779233,시내
6048,166030201,럭키아파트후문,35.20992935,129.0754514,시내
6049,166030101,동래래미안아이파크,35.21071874,129.0736002,시내
6051,166020201,온천초등학교,35.2118109,129.0730189,시내
6053,165940201,우장춘기념관,35.21254902,129.0724188,시내
6056,165950102,만덕터널입구,35.21220346,129.0578182,시내
6060,165940301,온샘초등학교,35.20968416,129.0701733,시내
6064,166030302,럭키아파트,35.20847837,129.0728207,시내
6066,166630301,동래역,35.20596,129.0777933,시내
6070,165750301,동래전화국,35.20442333,129.082635,시내
6080,166170201,내성중학교,35.20287585,129.0778133,시내
6082,165780301,동래역.내성교차로,35.2043967,129.0784716,시내
6084,166040201,동래럭키아파트,35.2060157,129.0738019,시내
6086,166040202,광혜병원,35.20642477,129.0727932,시내
6087,166810301,미남교차로.미남역,35.20739833,129.0711183,시내
6088,166900101,광혜병원.미남역,35.20702715,129.0713982,시내
6089,165440201,뜨란채아파트,35.19405762,129.1084318,시내
6090,166780101,미남역.반도스카이뷰,35.20542024,129.0682468,시내
6093,166780301,반도스카이뷰,35.2034521,129.0665563,시내
6095,166640101,사직1치안센터,35.20126311,129.065216,시내
6100,167020301,안남초등학교,35.19197333,129.1073117,시내
6103,165810301,사직여중,35.19502084,129.0564158,시내
6104,165800304,원광사,35.19478345,129.0541156,시내
6105,165810302,사직여고,35.19724202,129.0536218,시내
6106,165810303,사직중학교,35.19944878,129.0542866,시내
6107,165810304,사직초등학교,35.20063102,129.0557785,시내
6108,165800201,사직2동주민센터,35.20033524,129.0569079,시내
6110,166600301,삼익아파트,35.19962586,129.0594075,시내
6112,166600201,국민시장,35.19895623,129.0600001,시내
6113,166850101,사직운동장,35.19490033,129.0652973,시내
6116,165800301,동인고등학교,35.19794773,129.0531467,시내
6120,166620101,쌍용예가입구,35.19708766,129.0581177,시내
6122,166610401,사직사거리,35.19852715,129.0602908,시내
6125,166610202,사직야구장,35.19623931,129.0607446,시내
6132,193720302,여명중학교,35.19600935,129.0690326,시내
6134,193720301,법원어귀교차로,35.19623491,129.0705809,시내
6135,165960201,대선주조,35.19666398,129.0720242,시내
6136,166830201,사직동,35.19927002,129.0703024,시내
6141,165650201,부전교회,35.199884,129.077779,시내
6143,165740201,동래경찰서,35.19986667,129.084425,시내
6144,165560401,동래경찰서.수안역,35.20091833,129.084215,시내
6158,165600202,낙민역.동래고등학교,35.19956657,129.092211,시내
6162,166430201,동래봉생병원,35.19748083,129.0953916,시내
6163,166450301,우성아파트,35.19494016,129.0924886,시내
6170,166410201,동부산아이존빌아파트,35.19203014,129.1054871,시내
6171,165920401,안락경동아파트,35.19228,129.1052317,시내
6173,166400101,안락동우체국.동해선안락역,35.19711667,129.1007133,시내
6176,166950201,안락국민은행,35.19731,129.1043067,시내
6182,166340201,충렬주유소,35.19606667,129.109815,시내
6183,167000101,안락2동주민센터,35.19728785,129.1091849,시내
6184,165530301,안락2동수협,35.19860167,129.1105683,시내
6185,166500301,명장조양맨션(명장역),35.20597333,129.1027617,시내
6188,166330101,진흥상가,35.20049667,129.10456,시내
6191,165900202,삼성아파트,35.19981167,129.10302,시내
6193,165900201,서원시장,35.20044833,129.1003367,시내
6195,179300201,충렬사역.서원시장,35.20124167,129.0983733,시내
6203,166130101,협진태양맨션,35.21010833,129.104755,시내
6206,179390301,명장1동행정복지센터,35.20492327,129.1050252,시내
6210,166510202,안락초등학교,35.20290833,129.104085,시내
6212,166510102,명장시장,35.20453034,129.1077375,시내
6214,179380101,혜화여고.충렬고,35.20202167,129.1108183,시내
6216,165540101,충렬초등학교,35.200085,129.11251,시내
6218,166890201,사직실내수영장,35.19296922,129.0643042,시내
6219,166320101,명장정수사업소,35.20796833,129.1036183,시내
6222,166540101,한우크로바아파트,35.199076,129.109494,시내
6223,165760201,명륜역.동래중학교,35.21012073,129.0799632,시내
6224,167360101,명륜자이아파트,35.20817092,129.081565,시내
6225,166460101,강변뜨란채아파트,35.1936449,129.1007094,시내
6229,166360301,안락교차로,35.19793373,129.0976809,시내
6231,166410301,강변뜨란채입구,35.19356427,129.1019896,시내
6232,165350101,온천장역.CGV동래,35.22198574,129.0853007,시내
6234,166250301,사직역,35.19786939,129.0656801,시내
6236,167600101,미남역,35.20399361,129.0674247,시내
6241,166790201,사직성당,35.20334917,129.0694206,시내
6243,166640301,사직1동주민센터,35.19889166,129.0619801,시내
6244,165560301,세병교,35.19755802,129.0835263,시내
6247,166840301,온천프라자,35.21531218,129.0773348,시내
6249,166460201,안진초등학교,35.19335608,129.0985965,시내
6250,500960000,동래경찰서후문,35.2004627,129.0850038,시내
6251,165610101,동래시장정문.수안치안센터,35.20294676,129.0855963,시내
6252,165610102,부산은행동래금융센터,35.20438959,129.0846489,시내
6253,165450401,복산동주민센터,35.20630012,129.0854882,시내
6255,504960000,명륜교차로,35.20684746,129.0819611,시내
6257,505070000,명장농협,35.20297712,129.0996922,시내
6266,508630000,명륜2차아이파크,35.21552537,129.0882571,시내
6276,508670000,미남교,35.20872428,129.0636671,시내
6284,508850000,한독온천어린이집,35.20751226,129.0631369,시내
6701,166070204,부산원동역,35.19455064,129.1126707,시내
6703,166070203,안락뜨란채삼거리,35.194898,129.109978,시내
6705,165430302,동래한전,35.19644394,129.1058968,시내
6711,502460000,동래시장,35.20097,129.087941,시내
6713,502480000,수안역.동래교차로,35.201667,129.084477,시내
6715,502010000,메가마트동래점,35.20282072,129.0818802,시내
7002,180710101,동부변전소,35.147485,129.094314,시내
7003,180720201,성모병원.대남초등학교입구,35.14760811,129.095258,시내
7004,180790101,낙농마을,35.14507178,129.0980475,시내
7005,199490101,대남교차로,35.14062794,129.104207,시내
7006,199480301,경성대.부경대역,35.13856124,129.1023074,시내
7008,181570301,부산성모병원,35.112065,129.1110367,시내
7009,180390302,경성대학교입구,35.13633167,129.1005367,시내
7011,180390301,부경대대연캠퍼스,35.132895,129.10121,시내
7013,180750301,경성대학교,35.136427,129.097869,시내
7015,180700101,대연역,35.13535167,129.0948267,시내
7017,180710401,경동메르빌,35.14957877,129.0928874,시내
7018,180700201,대연사거리(대연역),35.13515793,129.0934217,시내
7020,180680101,대연초등학교,35.13622167,129.091715,시내
7022,180740101,대연교회,35.1380472,129.0907682,시내
7024,180210102,세연고등학교,35.13799895,129.0866989,시내
7026,180210101,연포초등학교,35.13826833,129.0830583,시내
7028,179900101,대연SK뷰아파트,35.1413729,129.0787279,시내
7030,179890101,현대주유소,35.14344,129.07604,시내
7032,179880301,문현현대아파트,35.1443174,129.0767633,시내
7033,179920201,문현초등학교,35.14567167,129.07245,시내
7034,164240301,문전교차로,35.14832333,129.06597,시내
7035,179650201,성동초등학교후문,35.14309833,129.06652,시내
7036,179680201,성동초등학교입구,35.14266,129.06692,시내
7037,179910301,한양아파트,35.14345833,129.0711,시내
7038,179890102,문현삼거리,35.141735,129.0729733,시내
7039,179860101,문현3동행정복지센터,35.138842,129.071304,시내
7041,179670301,삼성아파트.문현역,35.13959047,129.0674754,시내
7042,179680301,문현역,35.13810258,129.0674678,시내
7044,179660301,문현교차로,35.13476833,129.06701,시내
7052,179810202,지게골역,35.134805,129.07573,시내
7058,505430000,대연고개,35.13426532,129.0803313,시내
7060,180220101,못골시장,35.13487167,129.08764,시내
7064,180350201,대연역.부산은행,35.13463911,129.0917962,시내
7066,180340401,유엔교차로(산성교회),35.13023,129.09147,시내
7067,179650101,국제금융센터.부산은행역,35.14548053,129.0670469,시내
7068,180230301,부산공고,35.12995333,129.088505,시내
7070,180230302,동림맨션,35.128419,129.08473,시내
7071,180230303,성지고등학교,35.12724,129.0812917,시내
7072,181570201,백운포고개,35.10877,129.11192,시내
7074,212620301,우암뉴서울아파트,35.12495667,129.0792033,시내
7075,180020201,우암초등학교,35.12467333,129.0764,시내
7077,179960301,남부중앙새마을금고,35.12527667,129.070335,시내
7078,181680101,백운포,35.10452498,129.1128735,시내
7079,179960302,7부두,35.126955,129.0677217,시내
7083,212600201,우암자유아파트,35.12346167,129.0799583,시내
7085,180030101,감만창의문화촌,35.11939333,129.080815,시내
7087,180030202,감만시장,35.11673026,129.0809051,시내
7089,181350301,감만동,35.11581667,129.081395,시내
7095,180160102,동천초등학교,35.1223143,129.083536,시내
7098,180170101,남광시장,35.12340333,129.08671,시내
7101,180170102,석포초등학교,35.12648167,129.089865,시내
7103,180180101,시립박물관,35.12880774,129.091714,시내
7108,180540101,유엔공원.부산문화회관,35.1269,129.09532,시내
7110,180480401,한신문화타운,35.12346333,129.0971083,시내
7112,180480301,동명대학교후문,35.12056667,129.0980417,시내
7114,180900202,부경대용당캠퍼스,35.118005,129.0958767,시내
7119,180890202,동명대학교정문,35.12281333,129.0990983,시내
7121,180890201,한국산업인력공단남부지사,35.1271415,129.1015171,시내
7123,180890101,대천중학교,35.12802333,129.1031517,시내
7125,180380101,대연자이아파트,35.13052,129.1036,시내
7126,180360301,도로교통공단,35.13093833,129.1030333,시내
7127,180520401,남부운전면허시험장,35.12803167,129.1076817,시내
7129,180520201,용문중학교,35.12625667,129.1099533,시내
7131,179600301,이기대입구,35.12381667,129.1124433,시내
7136,180800101,용호사거리,35.12122627,129.1123662,시내
7139,180800301,용호2동주민센터,35.11583086,129.1108708,시내
7147,179620101,문현동,35.14269527,129.0656035,시내
7155,180810301,남부경찰서,35.15159434,129.0905592,시내
7156,180810302,청구아파트,35.15376391,129.088941,시내
7158,180930202,신원아파트,35.15232979,129.0886582,시내
7159,181210101,대우아파트,35.15099801,129.0891152,시내
7160,180830201,장백아파트,35.149075,129.090538,시내
7161,180850201,대연비치아파트,35.13763667,129.108295,시내
7164,180050101,남구청.못골역,35.13458211,129.0839929,시내
7175,180880201,LG메트로시티,35.13251715,129.1086219,시내
7176,180490301,석포여중,35.12472066,129.0961027,시내
7178,213320101,오륙도초중학교,35.10416525,129.1154302,시내
7180,213320102,오륙도SK뷰정문,35.10117768,129.1190778,시내
7182,213310201,오륙도스카이워크,35.10126491,129.1221299,시내
7188,180210201,남구청후문,35.13589617,129.0837048,시내
7190,180550101,시립박물관.부산문화회관,35.12894352,129.0929612,시내
7192,214180101,신선대CNG충전소,35.11369301,129.095983,시내
7193,180900201,용당동,35.11565552,129.0948786,시내
7195,180200301,남구청,35.13567054,129.0853143,시내
7198,214640201,백운포체육공원,35.10204862,129.1114963,시내
7200,214640101,남구국민체육센터,35.10344681,129.1078759,시내
7202,180370301,남부면허시험장,35.13023902,129.1059398,시내
7203,180900203,신선대부두입구,35.11380992,129.095471,시내
7204,180150301,현대오일뱅크,35.11053391,129.0879189,시내
7208,181350401,동항초등학교,35.11459627,129.0817438,시내
7225,502510000,유엔조각공원,35.13001577,129.0986011,시내
7227,503810000,남구실내빙상장,35.10266802,129.1088624,시내
7229,504900000,대연파크푸르지오,35.12559363,129.0890711,시내
8001,181710101,금곡주공1단지,35.26720833,129.0187117,시내
8003,182710201,금곡주공3단지,35.26523256,129.0204371,시내
8005,181760301,금곡화목아파트,35.26314833,129.0189483,시내
8007,181690301,유림아파트,35.26203333,129.0169,시내
8011,181740301,금곡중학교,35.26030667,129.016255,시내
8013,183140201,구포시장,35.209569,129.003202,시내
8014,182700301,금곡종합사회복지관,35.25856333,129.0149283,시내
8016,182700302,금곡주공7단지,35.25684833,129.0139417,시내
8018,183280101,구포3동주민센터,35.19504864,129.0086842,시내
8020,182670201,금곡주공9단지,35.25491667,129.0137333,시내
8022,182670202,금곡주공4단지,35.25322667,129.0138833,시내
8024,181820101,수정역,35.22285167,129.0091033,시내
8026,182680201,금곡주공5단지,35.251585,129.01354,시내
8027,182680303,금곡주공4단지후문,35.251965,129.0142117,시내
8028,181870301,금곡동주민센터,35.25041667,129.0126233,시내
8029,181860101,금곡동행정복지센터,35.250145,129.0126517,시내
8030,182320301,율리역,35.24691833,129.0130117,시내
8034,182760201,북구보건소.인도네시아센터,35.24055167,129.0140517,시내
8037,182570302,정화양로원,35.24371167,129.0194183,시내
8039,182570301,코오롱아파트,35.24436677,129.0216952,시내
8041,182570202,대천리중학교,35.24157833,129.02208,시내
8043,182570201,장원아파트,35.24175333,129.020045,시내
8045,183050201,북구보건소,35.23908167,129.0150717,시내
8047,183050301,화신중학교.화명역,35.23714565,129.0137464,시내
8049,181930101,와석,35.23406833,129.013735,시내
8053,183020101,북부경찰서,35.227835,129.011975,시내
8056,183020301,화명중학교,35.22514833,129.0098317,시내
8059,212040103,수정강변타운후문,35.219835,129.00744,시내
8061,182690201,낙동고등학교,35.21627333,129.00902,시내
8062,181820302,구룡사,35.21564667,129.0046267,시내
8064,182330401,덕천교차로,35.21207333,129.0047183,시내
8066,183140101,구포시장종점,35.21048,129.00297,시내
8069,182660301,구포역,35.2066303,128.996725,시내
8073,182630102,구포삼거리,35.20165496,128.9927509,시내
8079,182970201,북구청,35.19829868,128.9908507,시내
8081,201270101,북부자동차학원,35.1941678,128.9904172,시내
8082,182460301,구포현대아파트,35.19450803,128.9933367,시내
8084,182400101,금수선사,35.19562174,129.01434,시내
8085,212040102,북구문화빙상센터,35.21432167,129.0045167,시내
8087,182460101,구남역.구남중학교,35.19692252,128.9952171,시내
8089,183450302,백양고입구,35.19898837,128.9963279,시내
8091,183450101,구남시장,35.2005204,128.997918,시내
8093,183100302,구명역,35.20246068,128.9990339,시내
8095,182620102,구포초등학교,35.2041628,129.000803,시내
8098,183100101,구포시장남문.반도유보라아파트,35.20461025,129.0030119,시내
8100,182390301,고려당제과점,35.20407167,129.0042083,시내
8101,209880201,구포대진아파트,35.20214897,129.0044697,시내
8102,183220201,포천삼거리,35.19704,129.00669,시내
8103,183250101,부산과학기술대학교,35.19489,129.0068417,시내
8104,183210101,태평양아파트,35.19607167,129.0127517,시내
8105,184100101,구포3동,35.19755311,129.0150552,시내
8108,182410202,포천초교.태경해피타운,35.19545038,129.0103977,시내
8111,209880202,태양탕,35.19955485,129.0054603,시내
8115,183010301,구포시장동문,35.2061927,129.0044962,시내
8119,182280301,덕천역,35.21093546,129.0080248,시내
8123,182150201,숙등역.부민병원,35.21188167,129.0102917,시내
8124,182280101,숙등역,35.212015,129.013167,시내
8126,182120201,만덕교차로,35.21332919,129.0397172,시내
8127,182270201,구포전화국,35.21330596,129.0181803,시내
8130,182260101,남산정역,35.2132333,129.022908,시내
8133,182870101,이노비즈센터,35.21211568,129.0261211,시내
8136,182900302,만덕초등학교,35.21438729,129.0314433,시내
8137,182120501,만덕성당,35.21303,129.03031,시내
8139,182900301,만덕시장입구,35.21425,129.035341,시내
8141,182910102,만덕1동행정복지센터,35.2144691,129.0368354,시내
8144,182230301,만덕교차로.만덕역,35.21303667,129.0371567,시내
8146,182120202,만덕역.만덕사거리,35.2126516,129.038316,시내
8147,182640201,병풍사입구,35.21519704,129.0441387,시내
8149,182810102,만덕삼성아파트.만덕역,35.21195,129.03697,시내
8151,182820101,대성아파트입구,35.21042401,129.0349037,시내
8152,182110202,만덕2동주민센터,35.2100738,129.037573,시내
8155,182850201,만덕도서관,35.208155,129.0376417,시내
8158,183330101,백운공원,35.20698894,129.0419574,시내
8159,183370201,백양중학교,35.208205,129.041905,시내
8160,182920101,북부산농협신만덕지점,35.20947506,129.0383243,시내
8161,182810401,동문굿모닝힐아파트,35.20967,129.03556,시내
8163,182430101,만덕그린코아,35.2106603,129.030591,시내
8165,182880201,백산유치원,35.21058755,129.0273047,시내
8167,182880301,한성아파트,35.21134425,129.0223188,시내
8169,183060103,양천초등학교,35.21049426,129.0194371,시내
8171,182450301,청우파크,35.20986192,129.0160268,시내
8173,183060102,덕천주공아파트,35.20897046,129.013311,시내
8175,182990301,덕천주공입구,35.20950997,129.0114539,시내
8183,182570203,푸르지오헤리센트아파트,35.24013833,129.01668,시내
8190,183720301,부산솔로몬로파크,35.19887826,129.004092,시내
8191,183700201,부산학생예술문화회관.유림아파트,35.19790119,129.0032678,시내
8192,209870101,구포교회,35.20060935,128.9995541,시내
8200,181830201,롯데캐슬카이저남문,35.21874668,129.0086768,시내
8202,182210103,동원로얄듀크비스타,35.20817094,128.9986413,시내
8203,183700101,유림아파트.부산학생예술문화회관,35.19751138,129.0033341,시내
8204,181850103,화명역.화신중,35.23682129,129.0141256,시내
8205,500000000,백양초등학교,35.20809657,129.0345877,시내
8214,504310000,산성터널입구,35.23561888,129.0204197,시내
8216,504330000,화잠초등학교,35.234507,129.0179263,시내
8218,504350000,와석교차로(화명역),35.23463009,129.0156777,시내
8220,504370000,화명롯데마트(화명역),35.23490925,129.0129827,시내
8222,504390000,경부선화명역.고용복지센터,35.2353079,129.0098732,시내
8225,508190000,산성터널영업소,35.24009899,129.0237272,시내
8226,508510000,장미공원,35.23362632,129.0104372,시내
8228,508490000,용수초등학교,35.2275367,129.0093534,시내
8229,508530000,한국방송통신대,35.22515731,129.0080153,시내
8235,509130000,금곡역,35.26654113,129.0164461,시내
8236,509150000,동원역,35.25862394,129.0126902,시내
9001,202090202,당사입구,35.19786365,129.2059254,시내
9002,184860104,브라보주유소,35.19493424,129.2054749,시내
9004,187600302,송정2휴먼시아,35.19081247,129.2041362,시내
9006,187600303,동해선송정역,35.18722883,129.202474,시내
9008,187600304,송정해수욕장입구,35.18441461,129.2011819,시내
9009,184860201,송정,35.18351149,129.2014541,시내
9010,184860202,송정해수욕장,35.1822573,129.2039429,시내
9011,186750101,송정1단지주공,35.18148317,129.1997145,시내
9019,187200201,미포.문탠로드입구,35.161445,129.1725417,시내
9020,186430301,해운대보건소,35.16367667,129.179435,시내
9023,186140101,동백중학교,35.16237826,129.1771659,시내
9025,185420101,동백초등학교.해운대보건소,35.16384333,129.1799333,시내
9027,186430401,상록아파트,35.1652,129.179555,시내
9028,186420301,상록아파트107동앞,35.16563,129.1812183,시내
9029,186430101,SK뷰아파트,35.165045,129.1809017,시내
9032,187170301,영남아파트,35.16869001,129.182715,시내
9033,186360301,좌동재래시장입구,35.172525,129.1751533,시내
9037,185620201,한라아파트,35.17056667,129.1827533,시내
9038,185620401,부흥고.해운대백병원,35.172918,129.181328,시내
9039,186450101,신도시시장.아세안문화원,35.1748612,129.1808257,시내
9041,186160201,동일아파트,35.16664833,129.1707683,시내
9045,186200202,동신아파트,35.17631833,129.17888,시내
9047,186450402,동부아파트,35.17751534,129.1770493,시내
9050,186900201,이마트.중동역,35.16660173,129.1689617,시내
9051,186190401,대동상가,35.17826158,129.1743715,시내
9054,186190402,대림1차아파트,35.177483,129.172272,시내
9057,185660401,좌동재래시장,35.1733,129.173225,시내
9059,186010201,건널목삼거리,35.16693833,129.16252,시내
9060,507500000,장산역,35.16934695,129.1754502,시내
9061,186300101,장산역13번출구,35.16913667,129.1755983,시내
9064,187020102,대림3차아파트,35.175485,129.1688033,시내
9066,185530301,부대앞,35.17417667,129.16437,시내
9068,186210302,양운초등학교,35.173925,129.1674067,시내
9070,185840301,LH뜨란채아파트,35.17369833,129.1680667,시내
9071,187020201,신성아파트,35.173565,129.16803,시내
9074,185840201,한일아파트,35.17222,129.17008,시내
9078,186010302,해운대고교,35.17034833,129.16304,시내
9080,185830302,중동역.순복음교회,35.16844376,129.1676976,시내
9084,186030201,중1동,35.16210333,129.1674467,시내
9086,187220101,해운대온천사거리,35.16163333,129.1644817,시내
9090,185950301,해운대구청,35.16315,129.1644617,시내
9092,187090101,우일시장,35.16547,129.1603617,시내
9094,186580401,공작맨션,35.1667001,129.1584289,시내
9095,186600102,해운대관광고등학교,35.16787833,129.157115,시내
9097,186610202,우1치안센터,35.16598,129.1574933,시내
9099,185440301,아림비치맨션,35.164235,129.1568433,시내
9100,185430301,신동아아파트,35.16276167,129.1555917,시내
9107,210190201,해운대시장,35.1622456,129.1632219,시내
9109,184820201,인지중학교,35.204238,129.125029,시내
9112,185770201,해운대해수욕장입구,35.159715,129.161256,시내
9114,185580201,해운대해수욕장,35.15918393,129.1590618,시내
9117,186180101,동백섬입구,35.15831257,129.1539043,시내
9123,186660401,대우마리나아파트,35.15910713,129.146979,시내
9127,186640201,요트경기장.경남마리나아파트,35.16062832,129.1419442,시내
9129,186260201,요트경기장,35.16317333,129.141475,시내
9131,186260101,부산문화여고,35.1627266,129.144811,시내
9136,185130101,센텀시티역.벡스코,35.1695174,129.1332553,시내
9137,185220101,신세계센텀시티,35.16767667,129.1297867,시내
9143,184270101,동해선벡스코역,35.17212137,129.1330384,시내
9149,184790102,재송노인복지회관,35.18038167,129.1267517,시내
9150,184410101,유창맨션,35.18014833,129.1269317,시내
9151,184410102,재송초등학교,35.18387827,129.1264679,시내
9156,184750101,센텀동부센트레빌,35.18324333,129.1227933,시내
9162,184800302,부일교회,35.18786167,129.12192,시내
9164,184730102,재송시장입구,35.18736,129.1252717,시내
9166,184790201,재송농협,35.185265,129.1251367,시내
9169,184990101,동부지청,35.18889833,129.1267433,시내
9172,185000302,재송그린아파트,35.19186833,129.12809,시내
9174,185000301,재송중학교,35.193378,129.129562,시내
9175,185000101,반산초등학교,35.194084,129.130539,시내
9178,184980302,반여2동,35.19562817,129.1306203,시내
9180,184590102,수협장산지점,35.19827718,129.1313302,시내
9182,184980101,반여3동,35.19966667,129.13149,시내
9184,184590301,반여시장입구,35.19518667,129.1274283,시내
9186,184600101,센텀파미르아파트,35.19463,129.12574,시내
9187,184590302,더샵센텀그린,35.19434167,129.125225,시내
9188,184600103,재송삼익아파트,35.19188,129.121055,시내
9190,184230201,원동IC교차로,35.192935,129.11858,시내
9195,187960101,왕자맨션,35.19505167,129.1183617,시내
9196,208220101,반여동부산은행,35.196505,129.1186117,시내
9198,187590202,한화꿈에그린아파트,35.19866818,129.11838,시내
9200,184950101,장산초등학교,35.20059355,129.1192858,시내
9202,187590101,삼어교입구.선수촌아파트,35.20393667,129.1201133,시내
9204,184440101,강변자동차매매단지,35.2062329,129.1218458,시내
9206,184550201,중리,35.20849751,129.1234415,시내
9208,184550102,반석초등학교,35.21003667,129.1251583,시내
9210,184540101,풍산금속,35.21271284,129.1253876,시내
9213,184190201,석대사거리,35.21693,129.119735,시내
9214,184480301,반여농산물도매시장,35.21777634,129.1219971,시내
9216,184480102,석대화훼단지,35.21927499,129.1259577,시내
9218,184470304,석대동,35.22016893,129.1295267,시내
9220,184480103,석대역,35.21959642,129.1396808,시내
9222,184480104,옹기골,35.22133663,129.1437486,시내
9224,184480105,반송초등학교,35.22370142,129.1459901,시내
9226,184470201,반송우체국.영산대역,35.22524636,129.1478969,시내
9231,184870101,반송시장,35.22692374,129.1486092,시내
9233,184460201,반송보건지소,35.22900188,129.1486024,시내
9235,184180201,본동,35.22983333,129.1517317,시내
9237,184180101,반송본동,35.23095969,129.1514917,시내
9239,209060202,윗반송역,35.23305212,129.1545425,시내
9241,196200101,대진여객.고촌역,35.2357414,129.1597889,시내
9242,196200201,고촌역.대진여객,35.23534139,129.1591831,시내
9244,184580101,반송주공아파트,35.23257965,129.1596697,시내
9246,184530301,송운초등학교,35.22995167,129.1561283,시내
9248,184580202,반송주공아파트입구,35.23005,129.1587167,시내
9250,184570101,반송도개공입구,35.228695,129.1612283,시내
9251,184580201,삼한아파트,35.22868167,129.16122,시내
9252,184570102,남흥아파트,35.22815,129.162595,시내
9253,187180101,해운대구청어귀삼거리,35.16534044,129.1621958,시내
9257,208280201,대우2차아파트,35.17254932,129.1821925,시내
9260,184450201,신촌입구,35.20653434,129.1232044,시내
9261,184540201,반여농산물도매시장남문,35.213285,129.122502,시내
9263,184650301,일동아파트,35.20500021,129.1183061,시내
9265,184640201,센텀SK뷰아파트,35.20194167,129.1159233,시내
9267,184640202,안락현대아파트,35.19921513,129.1133959,시내
9268,165540201,안락SK2차아파트,35.19911667,129.1134017,시내
9269,174580206,벽산한솔타운,35.20622167,129.1190933,시내
9270,184810201,무정리길,35.20162472,129.1234846,시내
9272,184710201,무정초등학교,35.19801098,129.1227126,시내
9276,209940201,센텀초등학교,35.18047255,129.1213383,시내
9279,184350201,SK텔레콤,35.1734777,129.1282304,시내
9281,184320401,시청자미디어센터.KNN방송국,35.17219256,129.130266,시내
9283,184300201,롯데백화점센텀시티점,35.16967324,129.1317843,시내
9285,186950301,장산역.해운대문화회관,35.17046336,129.1753241,시내
9288,174580202,우신아파트,35.212812,129.118879,시내
9289,174580205,센텀강변현대아파트,35.208373,129.119738,시내
9291,184450202,장산성당,35.20534508,129.1250316,시내
9292,185770102,그랜드조선부산호텔,35.1602742,129.1629049,시내
9294,186780201,해운대문화회관,35.17040412,129.1749901,시내
9296,186120301,장산역.웅신시네아트,35.16913932,129.1762407,시내
9299,184380401,센텀파크,35.17907051,129.1228206,시내
9301,185040301,무정삼거리,35.19600833,129.1214,시내
9309,174580204,센텀SD아파트정문,35.20986393,129.1198601,시내
9316,184350401,센텀중학교,35.17650852,129.1248377,시내
9318,184560101,세종텔레콤,35.17510349,129.1275396,시내
9319,184560102,부산디자인진흥원,35.17405982,129.1298886,시내
9320,185320301,해강중고교,35.16342598,129.136547,시내
9321,184820102,반여초등학교,35.20358107,129.1276765,시내
9324,184480201,반여농산물도매시장동문,35.21472711,129.1246072,시내
9327,184590304,반여시장,35.19502279,129.1291684,시내
9330,184480202,반여농산물시장역,35.21765091,129.1246055,시내
9331,210210301,과정교,35.18460079,129.1189275,시내
9334,185110301,벡스코,35.16753979,129.1339473,시내
9337,184600105,재반보건지소,35.19264016,129.1229868,시내
9340,186910301,삼정코아아파트,35.16954298,129.1784569,시내
9342,185610201,장산역.화목아파트,35.17084,129.1788533,시내
9343,184590305,제반보건지소,35.19283,129.122928,시내
9344,216000101,동해선신해운대역,35.1812195,129.177698,시내
9345,186200301,해운대교육지원청,35.17696777,129.1761088,시내
9351,186090204,동백초등학교,35.16402831,129.1815689,시내
9353,186090205,중2동주민센터,35.16244193,129.180089,시내
9355,186090203,중동119안전센터,35.16130667,129.17643,시내
9357,186750201,광어골입구,35.17975204,129.1981289,시내
9359,186770201,KT송정타워,35.1774189,129.1965953,시내
9361,217040101,광어골,35.17425707,129.1965322,시내
9362,184840301,반여농산물시장서문,35.21444418,129.1206255,시내
9363,216790101,동영테크윈,35.22275352,129.1195576,시내
9364,216810201,삼원에프에이,35.22238872,129.1195481,시내
9365,216810101,(주)오토닉스,35.22063482,129.1188436,시내
9368,187060101,한마음스포츠센터,35.18017873,129.1773249,시내
9369,185210101,영화의전당,35.1702054,129.1279042,시내
9371,210210201,해운대구문화복합센터,35.18200373,129.1218676,시내
9372,187630101,동해선센텀역,35.17986898,129.1233542,시내
9373,187630102,포스코앞교차로,35.17757425,129.1252262,시내
9376,502560000,벡스코역.올림픽교차로환승센터,35.16782096,129.1374006,시내
9378,504950000,상당중학교,35.17873118,129.1770174,시내
9379,502090000,해운대로데오거리,35.16307503,129.1703039,시내
9382,507950000,센텀시티우체국,35.1726206,129.131737,시내
9383,510280000,해운대수목원,35.22722844,129.128492,시내
9703,184730302,동해선재송역,35.18876132,129.1208962,시내
9705,184740303,해운대경찰서,35.185098,129.12104,시내
9707,219150102,동부지청어귀교차로,35.18272754,129.1224736,시내
9711,184270303,센텀고등학교,35.17704483,129.1289441,시내
9713,184270304,센텀센시빌,35.17483773,129.1314656,시내
9717,185300502,벡스코.시립미술관,35.17057256,129.1369897,시내
9718,185070101,올림픽교차로환승센터,35.16797017,129.1375202,시내
9719,500090000,올림픽교차로,35.16760003,129.1404785,시내
9723,500040000,동백역,35.16176896,129.147387,시내
9727,504990000,운촌,35.1602888,129.1518252,시내
9729,505020000,해운대도시철도역,35.16357836,129.1586386,시내
10001,168440401,감천초등학교,35.08253681,129.0098106,시내
10003,188130202,남성한빛가든,35.08421667,129.0087683,시내
10005,188130201,감천사거리,35.08666098,129.0059139,시내
10006,188130102,감천우체국,35.08778833,129.0051767,시내
10007,188130101,영합의원,35.08943833,129.0056367,시내
10009,188120201,부산천연가스발전소,35.08826105,129.0027885,시내
10010,178160101,부일전자디자인고교,35.08873608,129.000829,시내
10012,178160302,삼성여고,35.09087,128.99776,시내
10014,177750202,구평고개,35.08799667,128.9940317,시내
10015,177750203,구평화신아파트,35.08641155,128.9931171,시내
10016,208980301,구평초등학교,35.08594461,128.9903625,시내
10017,177790301,YK스틸,35.08583375,128.9861538,시내
10022,208980103,감천삼거리,35.09146568,128.993697,시내
10027,177770201,삼풍아파트,35.09592492,128.9934533,시내
10028,177730101,뉴코아아울렛,35.098065,128.9940333,시내
10029,177670201,괴정사거리,35.09900333,128.99354,시내
10032,177670102,괴정시장,35.10088,128.99547,시내
10033,178240101,괴정초등학교,35.102315,128.9983917,시내
10034,178230101,괴정초등학교.대티역,35.102945,128.999635,시내
10035,188170101,대티터널입구,35.10372333,129.0035133,시내
10038,178080201,부영아파트,35.1052736,129.0058013,시내
10039,178100101,대티고개,35.10706167,129.0081383,시내
10041,178470102,괴정2치안센터,35.10554167,129.0039567,시내
10043,178470101,대티역,35.10389333,129.001295,시내
10048,178240201,괴정시장.괴정역,35.10051478,128.9938169,시내
10050,177670301,괴정역.괴정사거리,35.09993167,128.9920983,시내
10051,179010201,괴정자유아파트,35.09932333,128.988625,시내
10053,177740101,신평입구,35.097655,128.98642,시내
10054,188090202,사남신익아파트,35.09655833,128.9836267,시내
10055,188090201,사남초등학교,35.09662167,128.981115,시내
10056,188090203,신평배고개,35.09615475,128.9786079,시내
10061,178090201,괴정삼익아파트,35.09927833,128.9857033,시내
10063,178200302,사하역,35.10048333,128.9807567,시내
10065,188590201,당리중학교,35.10151667,128.9783,시내
10067,188590401,사하구청.당리역,35.10298333,128.97594,시내
10071,178410401,낙동초등학교,35.10449667,128.97125,시내
10074,188670101,롯데마트,35.08514167,128.97198,시내
10075,194730301,하단SK뷰아파트앞,35.11709833,128.962485,시내
10076,177710301,하단역,35.10577205,128.9673934,시내
10081,177710501,하단교차로,35.10766361,128.967766,시내
10084,177690202,에덴공원,35.11064744,128.9653064,시내
10088,177690201,동아대입구,35.11232061,128.9642117,시내
10091,177910101,을숙도초등학교,35.11471167,128.9616717,시내
10093,178830301,동산삼거리,35.11457667,128.962585,시내
10094,178130201,을숙도초등학교(종점),35.11441333,128.9623333,시내
10096,188340201,을숙도문화회관,35.10801339,128.9472931,시내
10098,188500102,가락타운115동,35.11256333,128.95988,시내
10100,177910202,가락타운104동,35.109185,128.9588133,시내
10102,188490301,강변아파트,35.10386667,128.9583183,시내
10104,177780301,하단1동주민센터,35.10431229,128.963989,시내
10106,178250101,가락타운2.3지구,35.10165313,128.9609203,시내
10108,178260101,가락타운2.3단지,35.10160333,128.9582317,시내
10110,178250401,하남초등학교,35.09908167,128.9588467,시내
10112,188450201,신남초등학교,35.09765985,128.9609787,시내
10115,177630201,신평역,35.09480258,128.9620757,시내
10117,177630202,동성화학,35.09130858,128.9642146,시내
10120,188420101,무지개아파트,35.09103129,128.9690777,시내
10122,188650401,삼진냉장,35.09105489,128.9719717,시내
10125,188090401,신평,35.09354333,128.973865,시내
10127,188640101,동매역,35.09037667,128.9731,시내
10130,188620301,신평시장,35.089735,128.9765467,시내
10132,177250201,사하경찰서,35.086175,128.9773817,시내
10136,177270301,장림,35.085135,128.979075,시내
10138,177280201,장림주유소,35.08306072,128.9785337,시내
10139,177240301,제일제당,35.08421667,128.9773167,시내
10142,177240401,자동차검사장.롯데마트,35.085295,128.9733067,시내
10145,188670301,제일전기,35.08550667,128.9680817,시내
10147,188430101,한국주철관,35.08628,128.965105,시내
10148,188430102,신평2동교차로,35.088965,128.96525,시내
10151,188430301,장림포구입구,35.084495,128.9648767,시내
10153,188550402,장림시장,35.08101829,128.9680977,시내
10156,178400402,장림중소기업은행,35.08063667,128.9702283,시내
10158,178400403,장림우체국,35.08062167,128.9723617,시내
10160,177810401,장림초등학교,35.08071712,128.9758641,시내
10162,177810301,장림역,35.079985,128.9772617,시내
10164,177820102,영남중학교,35.07836399,128.9774625,시내
10166,177810303,신장림역,35.07487866,128.9765081,시내
10168,178010101,고려냉장,35.07079238,128.9769839,시내
10170,178020302,성보냉장,35.06905833,128.9772221,시내
10171,178690301,다대롯데캐슬블루,35.06769889,128.9793331,시내
10173,178700301,낫개역,35.06426621,128.9793505,시내
10175,178700302,다대현대아파트,35.06215,128.97721,시내
10177,177590201,다대푸르지오아파트,35.06057167,128.9743083,시내
10179,178680201,다대큰샘,35.05878,128.97466,시내
10180,178180301,다대1동주민센터,35.05909833,128.972105,시내
10182,177940101,다대새마을금고,35.0574957,128.973493,시내
10183,177450301,다대포항역,35.05743966,128.9709729,시내
10185,177950102,다대포항역.다대수협,35.05606,128.97155,시내
10186,177950101,다대회센터,35.05505333,128.971655,시내
10187,178000401,다대우신아파트,35.05476333,128.9706967,시내
10189,178000201,다대자유아파트,35.05170167,128.97069,시내
10191,177410101,다대포해수욕장,35.04990333,128.9703117,시내
10195,177400301,몰운대아파트,35.050236,128.967637,시내
10199,178040301,다대포해수욕장역,35.04845334,128.965591,시내
10201,177560301,대동중고등학교,35.08509292,128.983873,시내
10204,188570201,대광고등학교,35.10188333,128.9730767,시내
10205,188570202,당리새마을금고,35.102095,128.9756067,시내
10211,210980304,감천항동편부두,35.08157,129.00551,시내
10218,208800101,롯데캐슬201동앞,35.05903024,128.9644139,시내
10219,208780102,롯데캐슬211동앞,35.05762081,128.965358,시내
10220,208780101,롯데캐슬215동앞,35.0564686,128.9646254,시내
10221,208810101,롯데캐슬상가앞,35.05598,128.962916,시내
10222,215890201,다대문화체육센터,35.05026117,128.9600487,시내
10223,188100201,한성기린APT,35.09306107,128.9777486,시내
10225,188650102,배고개,35.09466818,128.9765562,시내
10226,178400601,장림1동행정복지센터,35.08267209,128.9659119,시내
10229,173480101,동원로얄듀크아파트,35.07917127,128.9648301,시내
10233,208850101,감천119안전센터,35.08656985,129.0052514,시내
10237,178310301,동매교사거리,35.10027524,128.9765451,시내
10242,178150201,협성르네상스타운아파트,35.07378249,128.9728173,시내
10243,188050401,벽산마마아파트,35.07016032,128.9727794,시내
10244,188060101,동원자동차정비공업사,35.0690661,128.9749875,시내
10247,188070301,부산현대미술관,35.10876133,128.9421777,시내
10252,178150306,효림초등학교,35.07603414,128.973036,시내
10257,178710102,다송중학교,35.06335378,128.9827432,시내
10259,188230401,두송중학교,35.06076122,128.9842203,시내
10263,220710101,두송대선터널앞,35.0542883,128.9952121,시내
10265,220710102,한국선박수리공업,35.05737995,128.9954517,시내
10267,188240303,인터지스보세창고,35.06364249,128.9916583,시내
10269,188240302,세방,35.06656187,128.9905893,시내
10271,188260304,정현냉동,35.07147741,128.9906156,시내
10273,188260303,구평동,35.07560905,128.9906337,시내
10275,188110402,구평삼거리,35.07940648,128.9904245,시내
10277,220470103,구평동주민센터,35.08157571,128.9867389,시내
10279,220490102,구평e편한세상입구,35.08223938,128.9858341,시내
10293,506360000,감천항제5부두,35.0839036,128.9937022,시내
10294,506380000,감천항해양파출소,35.08445823,128.9977831,시내
10298,506850000,사하구국민체육센터,35.08806833,128.9985509,시내
10301,508310000,괴정동교차로,35.09585725,128.9937355,시내
11002,175150301,두구동 입구,35.29751667,129.102905,시내
11004,175220101,금정체육공원입구,35.29155667,129.098825,시내
11006,209010201,부산종합터미널.노포역,35.28366544,129.0943174,시내
11008,174570101,노포삼거리,35.28018,129.0935433,시내
11010,174130201,범어사역,35.27407065,129.0924725,시내
11011,175290201,범어사입구,35.27489224,129.0904427,시내
11014,173830101,어린이놀이터,35.27542431,129.0875146,시내
11016,174890304,한아름빌라,35.27448333,129.0851117,시내
11018,173830201,남산동.요산문학관,35.2722211,129.0850031,시내
11020,174780301,남산동농협,35.27257667,129.0889567,시내
11022,174550301,팔송,35.27174,129.0925667,시내
11024,174850402,남산동새벽시장,35.26926833,129.0891117,시내
11026,174890301,금샘초등학교,35.26938333,129.085255,시내
11028,174890201,남산고교,35.26705927,129.0840966,시내
11030,174110202,남산고등학교입구,35.26763333,129.08902,시내
11032,209670101,침례병원.남산역,35.26611167,129.0927917,시내
11034,174860102,남산동럭키아파트,35.26493554,129.0887829,시내
11036,174890202,부산외국어대학교,35.265655,129.085295,시내
11038,174860401,남산119안전센터,35.26168751,129.0866648,시내
11039,176700101,샘골공원,35.2608217,129.087483,시내
11040,209650301,남산초등학교,35.2624183,129.088042,시내
11042,209670201,남산프라자,35.26319167,129.0919033,시내
11044,174540101,두실역,35.25834023,129.0915421,시내
11046,175210401,선경3차아파트,35.25870048,129.0878193,시내
11050,174540201,행림병원,35.25429333,129.09133,시내
11052,174920402,롯데캐슬정문,35.25263224,129.0878167,시내
11054,174920401,롯데캐슬입구,35.25093838,129.0878369,시내
11056,175300101,부산산업보건센터,35.27503833,129.0927833,시내
11057,174170401,태광산업.구서역,35.249095,129.0920833,시내
11058,174170201,태광산업(구서역),35.24812333,129.0920633,시내
11060,175450301,구서역.금정경찰서,35.24577155,129.092245,시내
11061,175470102,구서역.구서시장,35.2463448,129.0889044,시내
11063,175380302,구서1치안센터,35.24487741,129.0883089,시내
11065,175470301,금정산쌍용예가.구서SK뷰,35.24304305,129.08667,시내
11067,176380101,금정구청.부산가톨릭대,35.24233377,129.0932048,시내
11069,175400101,윤산터널입구,35.24042636,129.0928928,시내
11071,174970101,장전역,35.23835333,129.0879017,시내
11072,174830401,장전초등학교,35.24067912,129.0865473,시내
11074,174830201,장전동어린이놀이터,35.23812668,129.0863624,시내
11075,174960301,장전중앙교회,35.23521833,129.0861033,시내
11076,175640101,장전1치안센터,35.23570123,129.0877381,시내
11077,174660201,경남한신아파트,35.23578667,129.0918133,시내
11080,175620101,부산대학교정문,35.23232603,129.0869358,시내
11082,175620201,부산대역,35.23104002,129.0878109,시내
11083,175630101,부산대앞부산은행,35.23054667,129.0863967,시내
11084,173750201,범어사매표소,35.28334167,129.07308,시내
11088,175830301,부산대학교후문,35.22859247,129.0839949,시내
11090,175070101,금정초등학교,35.22701825,129.0859983,시내
11094,176630101,경보아파트,35.22537667,129.0817783,시내
11100,175080301,래미안장전남문,35.22452193,129.0861019,시내
11104,174370201,동해중학교,35.21789,129.0870783,시내
11105,174370202,부곡4동주민센터.온천장역,35.22010009,129.0883148,시내
11107,175510202,부곡1치안센터,35.2218183,129.0910538,시내
11108,174310301,부산정보관광고,35.22380667,129.0911567,시내
11109,175600301,부곡시장,35.22603118,129.091769,시내
11112,174330101,부곡대우아파트,35.23088291,129.090552,시내
11113,175810401,부산대역.부곡대우아파트,35.23116667,129.0897633,시내
11114,175610401,금정세무서,35.23157984,129.092101,시내
11117,174540202,금정이마트,35.25072,129.09128,시내
11121,174390302,내성고등학교,35.21953285,129.0927291,시내
11123,174390204,서동고개,35.21704524,129.0959955,시내
11129,175850302,서1동새마을금고,35.21661549,129.0985802,시내
11131,174390203,서3치안센터,35.2152984,129.1015587,시내
11133,175550201,세웅병원,35.21473,129.1041933,시내
11134,174470201,세웅병원후문,35.21428826,129.1030704,시내
11135,175490301,서동입구,35.210875,129.104645,시내
11136,175490101,동상초등학교.서동역,35.21250686,129.1071317,시내
11137,174440201,서동역,35.21319404,129.1073248,시내
11138,175560301,부산은행,35.21434217,129.1060818,시내
11139,174700401,라이프타운,35.215085,129.1072417,시내
11141,174450101,금사입구,35.21495395,129.1089006,시내
11143,174590201,금사전화국,35.21511333,129.1127883,시내
11145,174580101,서금지구대.금사역,35.21607494,129.1163347,시내
11147,175120201,금사중학교,35.21746667,129.110055,시내
11148,175520201,금사중학입구,35.217535,129.1096833,시내
11150,175120202,금사회동동주민센터,35.21839167,129.1110583,시내
11151,175110101,금사시장,35.2211,129.11341,시내
11153,175540201,중소기업은행,35.22219333,129.1131733,시내
11154,212530101,동일고무벨트,35.22289333,129.1146117,시내
11155,212530102,부산예원고등학교,35.22465,129.11624,시내
11157,175700301,욱성화학(주),35.22672,129.1179733,시내
11159,175880101,회동본동,35.22782009,129.1202614,시내
11161,173640301,회동동,35.23043841,129.1239863,시내
11162,209660201,남산성당,35.26401849,129.0848802,시내
11165,173750202,범어사주차장,35.28222333,129.072645,시내
11166,173770201,상마마을.범어사박물관,35.279235,129.0737167,시내
11167,173800101,하마마을,35.27964452,129.0771234,시내
11168,173740201,경동아파트,35.28144,129.08633,시내
11169,173730201,지장암,35.28135667,129.078555,시내
11184,176670101,남문,35.24175333,129.0619767,시내
11185,176660101,동문,35.24324833,129.0644567,시내
11192,174810101,광명사,35.22966854,129.0767654,시내
11194,174810102,양로원,35.23125826,129.0766514,시내
11242,173840202,성불사입구,35.27981159,129.0897674,시내
11260,173620201,회동석대산단,35.23226714,129.1271355,시내
11262,216770101,우성,35.22498524,129.1183198,시내
11263,216780101,삼한전자,35.22530146,129.1182731,시내
11264,175420101,금정문화회관,35.24551543,129.0947239,시내
11266,175480101,동래초등학교,35.24774596,129.0973555,시내
11268,173720102,금단마을,35.25150156,129.0995618,시내
11270,173720101,브니엘고등학교,35.25673375,129.1022446,시내
11272,173620301,건설안전시험사업소,35.23234521,129.1243589,시내
11273,220240101,스포원파크,35.2922933,129.1031818,시내
11274,220280101,금정체육공원,35.29149468,129.1024687,시내
11275,217200101,금정공영차고지,35.28949,129.09808,시내
11276,501040000,회동화물자동차공영차고지,35.2429714,129.1360296,시내
11287,506410000,남산고등학교,35.26713299,129.0854339,시내
11288,506500000,부산외대정문,35.26655573,129.0844192,시내
11289,506480000,부산외국어대학교캠퍼스,35.26714361,129.0803689,시내
11292,508410000,범어사어귀삼거리,35.27571562,129.0919493,시내
12001,177190401,강서구청,35.21240062,128.982642,시내
12003,211810301,대저119안전센터,35.21458152,128.977399,시내
12004,191650301,낙동중학교,35.21520599,128.9648779,시내
12005,191670302,강서복지회관.우편집중국,35.21519559,128.9584865,시내
12006,191670301,중리입구,35.21481728,128.9561721,시내
12007,191660301,부산교도소,35.21392572,128.9528171,시내
12008,191660302,평강역,35.21416274,128.9500951,시내
12009,191270401,대사리3구,35.216066,128.9436223,시내
12010,191270402,국립농산물품질관리원,35.21697279,128.9407631,시내
12011,191280301,대사역.대사리2구,35.2184965,128.936478,시내
12022,191790301,신덕삼거리,35.20474052,128.9746438,시내
12024,191300101,대사리1구,35.2193235,128.933109,시내
12026,191870201,강서브라이트센터,35.1808055,128.9569478,시내
12027,188790301,경전철덕두역,35.181098,128.953306,시내
12029,176970101,공항입구,35.176562,128.94991,시내
12031,177190301,강서구청역,35.211588,128.980796,시내
12033,191660201,대저역,35.2128561,128.9608236,시내
12034,210430101,강서경찰서,35.11793667,128.906565,시내
12035,210430201,순아동,35.11904773,128.9036144,시내
12036,190730201,영도산업,35.09949667,128.8257917,시내
12037,191580101,명지새동네,35.10855393,128.9308073,시내
12039,190830201,송정다리,35.09331695,128.8339804,시내
12040,189810101,삼성전기,35.09333781,128.8536658,시내
12041,189230301,삼성자동차정문,35.08914,128.87682,시내
12043,190310201,DSR,35.09331555,128.8402661,시내
12044,191700202,금호마을,35.16381,128.95868,시내
12046,190190201,리노공업,35.09341167,128.84241,시내
12047,190300201,동서열처리,35.09340333,128.84565,시내
12050,191790302,강서체육공원,35.20742188,128.9744681,시내
12051,191660202,체육공원역,35.21209685,128.9682172,시내
12053,203340201,(구)검문소,35.10360167,128.8374417,시내
12055,204820201,용원사거리,35.09806641,128.8211497,시내
12056,191150101,경제자유구역청,35.08663787,128.8397217,시내
12060,193270301,명지신도시,35.08893167,128.90243,시내
12061,188770301,수로다리,35.2149498,128.9698604,시내
12064,214220201,부산신항만,35.07851584,128.8345039,시내
12066,189950101,대흥공업사거리,35.09333521,128.8597161,시내
12067,189380301,우진목재,35.09209667,128.8656717,시내
12068,189420201,녹산하수처리장,35.08886,128.8663633,시내
12069,190280201,해덕파워웨이,35.0934,128.84846,시내
12074,203310101,용원중앙병원,35.0993515,128.8227733,시내
12075,190520201,(주)거보,35.09518235,128.8309756,시내
12077,190320201,부산프라스틱공업,35.09331058,128.8386305,시내
12078,190980401,풍영산업,35.09170589,128.8397058,시내
12085,176810202,낙동강철새도래지,35.09007807,128.9167744,시내
12088,188900301,성산2구,35.11926,128.8913317,시내
12089,191320302,성고개,35.11047667,128.8565733,시내
12091,209550501,녹산농협,35.111279,128.878115,시내
12092,191560202,진동,35.09805167,128.926975,시내
12096,190540201,(주)태광,35.08952453,128.832938,시내
12099,177170102,강서고.부산혜원학교,35.21465611,128.9887186,시내
12101,191810302,경일고등학교입구,35.11365333,128.9240683,시내
12114,188900304,녹산,35.11413333,128.8858183,시내
12118,191340101,녹산중학교,35.11717667,128.8895083,시내
12134,191590201,덕두시장,35.1789962,128.9579128,시내
12136,176810103,동리,35.10059167,128.92803,시내
12141,191960201,등구마을,35.19339796,128.962713,시내
12147,188940301,명지시장,35.11156791,128.9318826,시내
12149,211750101,렛츠런파크입구,35.15252727,128.8821583,시내
12155,208170101,사구,35.15886194,128.8862702,시내
12161,189940401,삼보목재,35.09351,128.8617,시내
12164,189250301,삼성자동차남문,35.08911,128.88146,시내
12180,188900303,성산다리,35.12174667,128.893855,시내
12183,191490201,세산삼거리,35.14075,128.87459,시내
12196,191950201,신덕마을,35.19994533,128.9685072,시내
12207,189400101,신호하수처리장,35.08881671,128.8726081,시내
12221,190650401,영남자동화기계,35.09787,128.82798,시내
12241,189510401,태광금속,35.0935,128.86507,시내
12245,191200401,경제자유구역청사거리,35.08918397,128.8388634,시내
12248,191810301,진목,35.11309333,128.9266767,시내
12254,209420101,호산나교회.엘크루4단지,35.08417714,128.9069128,시내
12255,209440301,호산나교회.삼정그린코아,35.08438,128.90694,시내
12256,190130101,농심,35.09645392,128.839688,시내
12262,189680201,녹산염색공단,35.08878943,128.8600915,시내
12264,189850201,부산지방중소벤처기업청,35.0888181,128.8555811,시내
12266,189620201,갑을녹산병원,35.0898936,128.852556,시내
12268,189060301,삼성전기기숙사,35.093052,128.852505,시내
12273,214270101,퀸덤1.2단지,35.08655773,128.8978675,시내
12274,209510101,극동스타클래스아파트,35.08421164,128.9008963,시내
12275,213100201,롯데캐슬아파트,35.0842,128.904708,시내
12276,213110201,남명초등학교,35.08421415,128.9101434,시내
12277,209440101,행복마을,35.08651903,128.9119172,시내
12281,214280101,퀸덤3단지,35.08441879,128.9014505,시내
12289,215050201,현대상선,35.07138465,128.8350216,시내
12291,215050202,부산신항다목적터미널,35.07390801,128.8349827,시내
12295,177040202,작지,35.14386232,128.9502106,시내
12297,214910101,가덕천성동,35.030676,128.812821,시내
12300,213080101,부산항홍보관,35.08713016,128.8309203,시내
12304,214910102,두문입구,35.032817,128.812095,시내
12306,214910103,서중마을,35.032402,128.818799,시내
12307,214920102,동중마을,35.0320918,128.8237617,시내
12308,215150202,범한판토스,35.08435995,128.8082872,시내
12310,215150201,현대물류,35.08441027,128.8130612,시내
12312,214960101,강림씨에스피,35.10783589,128.8727203,시내
12314,214990401,화연공원,35.10342715,128.8780806,시내
12316,217140101,동선마을,35.05557414,128.8323612,시내
12319,214990402,부산은행화전공단지점,35.10365,128.88305,시내
12321,215000301,세주정공,35.107928,128.883089,시내
12324,211730101,옥포마을,35.11630135,128.8450501,시내
12326,192630302,명동,35.14411266,128.8454857,시내
12328,192670301,동화엔텍,35.149122,128.836618,시내
12332,192750501,이원솔루텍,35.14906183,128.8302362,시내
12334,214470102,자동차부품멀티관,35.14907416,128.8243389,시내
12336,214470101,ENK,35.14964008,128.8157656,시내
12338,214450102,YMP지사단지기점,35.14919782,128.8096386,시내
12339,214460101,매일정기,35.14926164,128.8116974,시내
12340,209900103,마음,35.13417509,128.8639987,시내
12342,209900104,중곡,35.13767388,128.8705841,시내
12349,191850102,구랑,35.12899705,128.8583191,시내
12351,192560102,가동마을입구,35.16525536,128.8848073,시내
12353,192690202,지사휴먼시아아파트,35.15081495,128.8349827,시내
12355,192710201,지사문화회관,35.15078546,128.8312734,시내
12357,214990101,서번산업,35.09917543,128.8781009,시내
12359,215830101,조달청비축기지,35.09833942,128.8831916,시내
12361,209900301,지사산단입구,35.13638764,128.85739,시내
12367,215920101,서부산유통지구역,35.16677113,128.954476,시내
12369,215950101,신항서문입구,35.08289042,128.8016657,시내
12371,215120301,글로벌물류센터,35.08298739,128.8152482,시내
12389,191000401,보람공원,35.08914558,128.8478672,시내
12390,193300201,신호대교,35.08864551,128.8967259,시내
12392,213060102,세방물류,35.08587971,128.8256438,시내
12394,214940102,성북,35.05811805,128.8286148,시내
12396,215420201,천성,35.0300753,128.8212133,시내
12399,214260202,명호초등학교,35.0854778,128.899314,시내
12401,209510201,두산위브,35.0829229,128.899315,시내
12403,215240401,한신휴플러스아파트,35.08186331,128.9010829,시내
12404,216010101,극동스타클래스,35.08210749,128.9010283,시내
12405,216020101,엘크루블루오션,35.08186503,128.905852,시내
12412,192680101,금강.협성아파트,35.15044728,128.8362007,시내
12414,209480301,의창수협,35.08366,128.87292,시내
12416,216450101,신호초등학교사거리,35.08371559,128.8776449,시내
12418,214520201,신호농협,35.08606758,128.877655,시내
12420,214490102,윌아파트,35.08835208,128.877658,시내
12422,216030201,전망대,35.02277747,128.8213746,시내
12424,217170101,대항마을,35.01260928,128.8309639,시내
12430,216510101,우성전기,35.14608751,128.8611626,시내
12432,216570201,조선해양기자재회관,35.15007044,128.8600134,시내
12434,216570101,강진산업,35.15330045,128.8594779,시내
12436,216530101,DSK,35.15763382,128.860449,시내
12438,216550101,탑동,35.1590638,128.8644485,시내
12441,216610102,렛츠런파크정문,35.15180727,128.8768246,시내
12443,216610101,렛츠런파크에코랜드,35.15136643,128.872409,시내
12445,216580101,렛츠런파크관람대,35.15619254,128.8683114,시내
12449,192560101,가동마을,35.16695065,128.8819647,시내
12450,192060302,둔치도입구,35.16418984,128.8934581,시내
12452,210410101,엘크루블루오션6단지,35.08192734,128.9103374,시내
12453,210400301,엘크루블루오션4단지,35.08205397,128.9100224,시내
12454,191340302,본녹산,35.11265384,128.8823583,시내
12457,216680101,에일린의뜰아파트,35.09994421,128.920539,시내
12458,216670101,금강펜테리움아파트,35.10015453,128.9203466,시내
12459,217070101,한일기공,35.14187125,128.8250887,시내
12461,192790101,테크노파크입구,35.14435878,128.8286607,시내
12463,192770101,자동차부품복지관,35.14625607,128.8305848,시내
12469,209500501,강서평생학습관,35.08300093,128.8732268,시내
12470,214930301,성북마을,35.0570759,128.8322797,시내
12473,216670201,명지초교.명지중학교,35.10384125,128.9263356,시내
12475,217250101,대방노블랜드아파트,35.09731604,128.9201292,시내
12476,216680301,호반베르디움아파트,35.09726358,128.9197442,시내
12477,209470301,부영2차아파트,35.08626477,128.8727724,시내
12481,219800301,금강펜테리움2차아파트,35.10315927,128.9210476,시내
12482,216670301,금강펜테리움2차아파트.호반베르디움2차아파트,35.10321073,128.9206431,시내
12483,191560302,명지국제신도시입구,35.10464743,128.9232456,시내
12485,220690101,(주)신영,35.13930754,128.8204319,시내
12487,214470105,삼영MT,35.1497584,128.819743,시내
12489,211740101,에스피엘,35.15060319,128.8249902,시내
12491,191360401,협성휴포레,35.10686587,128.9186014,시내
12493,219230201,호반베르디움2차.금강펜테리움2차,35.10220878,128.9179,시내
12495,220720301,지법서부지원.지검서부지청,35.09698623,128.9082023,시내
12497,190430202,송정방근마을,35.09945452,128.8421537,시내
12499,215250302,신호중학교,35.0814701,128.8757023,시내
12500,220590201,중흥1차.더힐시그니처동문,35.09612967,128.9162253,시내
12502,220720101,법원검찰청사거리,35.09599464,128.9116497,시내
12503,219490301,명지환승센터,35.09601354,128.9121655,시내
12505,216720201,중흥프라디움,35.0987557,128.9154314,시내
12509,504450000,명지더웨스턴,35.09645437,128.9139274,시내
12514,191940102,성산,35.12435683,128.8966128,시내
12516,504620000,송정초등학교,35.08584449,128.875183,시내
12518,504940000,더힐시그니처,35.09610419,128.913911,시내
12527,506520000,조선해양기자재연구원,35.16061036,128.8632109,시내
12528,506460000,범방동삼층석탑,35.16198506,128.8640653,시내
12529,506570000,한국해양대학교서부산융합캠퍼스,35.1612823,128.8669793,시내
12537,506700000,명원초등학교,35.09332708,128.9125084,시내
12539,506830000,국제산업물류산단,35.13641392,128.8685751,시내
12541,507360000,경일고등학교후문,35.11140451,128.919385,시내
12543,507520000,한국토지주택공사,35.09917641,128.910759,시내
12544,507470000,법원검찰청후문,35.09953518,128.9074339,시내
12545,507460000,더샵퍼스트월드,35.09698772,128.9049567,시내
12549,507490000,삼정그린코아.금강펜테리움,35.15078239,128.8395055,시내
12550,507430000,녹산초등학교,35.15077887,128.8367677,시내
12552,507530000,협성엘리시안,35.15063207,128.8396118,시내
12553,508300000,지사천선비교,35.14860321,128.8402821,시내
13003,193350401,교대역,35.19675017,129.0799232,시내
13010,193520101,거제1치안센터,35.19118667,129.0780217,시내
13012,193840102,법원검찰청.거제역,35.18935167,129.0752783,시내
13014,193840401,동해선거제역,35.18918466,129.072841,시내
13016,193830102,법원검찰청,35.18950928,129.0714801,시내
13017,193830101,거성교차로.종합운동장역,35.19084777,129.0686878,시내
13019,193830401,창신초등학교.종합운동장역,35.19244916,129.0672226,시내
13020,193850302,거성교차로,35.18985173,129.0680025,시내
13022,193850301,거제리안동네,35.18863638,129.0683863,시내
13024,193860301,거제교회,35.18658947,129.0702778,시내
13029,193480101,삼정그린아파트,35.18952102,129.0630033,시내
13031,193570301,동해선거제해맞이역,35.18177491,129.069405,시내
13035,209020201,유림아시아드아파트.거제초교,35.1765225,129.0674057,시내
13040,164720101,부산시청.시청역,35.17796833,129.0754508,시내
13041,194000201,부산지방노동청.국세청,35.1764233,129.077692,시내
13051,193420201,연산역,35.18629213,129.0804726,시내
13055,193750201,연산교차로,35.187205,129.083025,시내
13057,193750101,웰니스병원.연산농협,35.18878191,129.085341,시내
13059,193320301,경찰전직지원센터,35.19129794,129.0881539,시내
13061,193320101,연안교,35.19278771,129.0904064,시내
13065,193700301,연동시장,35.18938,129.0927483,시내
13070,193780301,연천시장,35.18828833,129.0961867,시내
13071,193700102,부산경상대학입구,35.18772644,129.0982269,시내
13072,193410102,부산경상대학교서문,35.18558167,129.0977667,시내
13073,193400301,부산경상대학교정문,35.1857,129.10074,시내
13074,193770301,연산8치안센터,35.18777833,129.101835,시내
13076,193760301,토곡한양아파트,35.1879,129.1055533,시내
13080,193760201,태광아파트,35.18687883,129.1069681,시내
13082,193460101,부산소방본부.교통정보서비스센터,35.18490254,129.1072961,시내
13086,193900201,망미주공아파트,35.18079918,129.1069824,시내
13089,208260201,망미주공아파트종점,35.18041833,129.10835,시내
13090,198770403,선경아파트,35.17834833,129.1071633,시내
13091,212610101,배산역,35.17331413,129.0961722,시내
13097,193930101,한독아파트,35.17399114,129.0911337,시내
13101,193890301,신리삼거리,35.17458833,129.0875533,시내
13106,193660101,연제구청,35.17528116,129.0812469,시내
13109,193390201,연산시장.물만골역,35.17669,129.0856967,시내
13113,193380303,연산초등학교,35.17929123,129.0848775,시내
13119,193730101,연일시장,35.18559176,129.0851774,시내
13123,193490101,부산의료원,35.18825674,129.0605792,시내
13124,194360302,거제리대조연립,35.19398495,129.0733085,시내
13126,194370102,법원후문,35.19292209,129.0744356,시내
13128,194250301,법원검찰청정문,35.19109449,129.0733025,시내
13131,193500301,국가기록원.역사기록관,35.187199,129.0557,시내
13132,171730104,개인택시조합,35.18682793,129.0555449,시내
13134,171730103,초읍고개,35.18452576,129.0529442,시내
13135,194370201,남문초.연제우체국,35.19385717,129.0708109,시내
13136,194370202,현대쌍용아파트,35.19335862,129.068325,시내
13143,193820201,창신초등학교,35.19261118,129.0668612,시내
13144,193450201,연산중학교,35.18557667,129.0882633,시내
13149,193470301,엘지아파트,35.18539068,129.104409,시내
13152,193420401,거제역,35.18828694,129.0751889,시내
13159,194380101,수영강푸르지오아파트,35.18434803,129.1120074,시내
13163,194380201,연제예식장,35.18460744,129.1094452,시내
13164,193710301,연산자이아파트104동앞,35.19002451,129.0887698,시내
13165,193690201,연산자이아파트114동앞,35.18731512,129.0872181,시내
13166,193330301,연제자동차매매단지,35.18842667,129.077735,시내
13169,193780302,파크시티아파트입구,35.18800191,129.0985438,시내
13172,194420201,아시아드주경기장,35.19146527,129.0603379,시내
13174,193640301,사직119안전센터,35.19471672,129.0588502,시내
13177,193620202,연산교,35.19091375,129.0996479,시내
13179,171730401,연제공용버스차고지,35.1852428,129.0531722,시내
13180,213020201,월륜교차로,35.18359977,129.1140829,시내
13184,510480000,연제도서관입구.연산더샵,35.17477224,129.0847645,시내
13702,505770000,동해선교대역,35.19302011,129.0799477,시내
13704,505940000,연산역.연산교차로,35.18738497,129.0814286,시내
13706,505960000,연산역.연제초교,35.18393911,129.0800565,시내
13708,505780000,부산시청,35.17993786,129.0769142,시내
14001,198770402,망미우체국,35.17681333,129.107255,시내
14002,193650302,오양아파트,35.17712667,129.1073633,시내
14003,198770401,망미중앙시장,35.17564646,129.1076373,시내
14005,199490201,동원보라아파트,35.14224667,129.1029383,시내
14006,198790501,금호주유소,35.17259163,129.1090345,시내
14007,198790401,망미역,35.17188167,129.1072467,시내
14008,198690202,수영강변3차e편한세상,35.18063001,129.1161016,시내
14011,198710302,망미1파출소,35.173175,129.10026,시내
14015,198790201,수영아파트,35.17014333,129.1111167,시내
14022,199230301,민락수변공원,35.1562077,129.1322146,시내
14023,198740201,망미2동,35.17628607,129.117141,시내
14025,198750301,망미동우리은행,35.17296333,129.1173983,시내
14026,198750302,태창아파트,35.17171,129.1193883,시내
14028,198820201,미광운수,35.16986833,129.1197867,시내
14030,198940301,수영현대아파트.민락역,35.16615666,129.1235553,시내
14032,198930301,민락교,35.16041923,129.1285861,시내
14034,201090301,MBC방송국,35.15965839,129.1264155,시내
14036,199070102,민락동골목시장,35.15887667,129.1236667,시내
14038,199070101,동방시장,35.15869667,129.1218817,시내
14040,199060101,이화맨션,35.159705,129.1205417,시내
14042,199090202,화목아파트,35.16357667,129.1192317,시내
14044,199090201,민락아파트,35.16603,129.1183783,시내
14045,198710301,부산지방병무청,35.17282,129.1035033,시내
14046,199080301,수영교차로.수영역,35.16814833,129.1171617,시내
14048,199020301,수영사적공원,35.16882183,129.1132555,시내
14053,199040102,수영역,35.16356689,129.1145568,시내
14056,199030202,수영구보건소,35.16276189,129.1140306,시내
14059,211460301,광안역,35.15926167,129.1134283,시내
14060,199040301,광안시장.광안역,35.16012987,129.1134775,시내
14063,199370402,광안리입구,35.15687,129.1142133,시내
14065,199370401,광안리해수욕장,35.15543167,129.1166517,시내
14067,199070201,광안농협앞,35.15765025,129.1200219,시내
14070,199420104,수영중학교,35.15587,129.11277,시내
14072,199420102,광안2동우편취급국,35.15329167,129.1120817,시내
14073,199420101,금련산역,35.15215667,129.111695,시내
14076,199300101,광일맨션,35.15088167,129.1150517,시내
14078,199500101,수영구청,35.14705833,129.1121617,시내
14080,199420301,금련산청소년수련원,35.14767167,129.1104,시내
14083,199790101,남천역,35.14181,129.10774,시내
14084,198690201,수영강변1차e편한세상,35.17925,129.1170617,시내
14085,198690203,성지기업,35.17712775,129.117646,시내
14087,199790301,대남교차로.남천역,35.1406685,129.1062846,시내
14095,199350201,KBS방송국,35.144115,129.1098683,시내
14097,199370301,서호병원,35.15221167,129.1159533,시내
14099,198980301,센텀비치푸르지오,35.15917833,129.1304383,시내
14101,199750302,남천해변시장,35.13839641,129.107631,시내
14102,199750301,메가마트남천점,35.137365,129.1090733,시내
14103,198950201,수영만아이파크,35.162071,129.130167,시내
14105,198690101,수영강변e-편한세상,35.18122528,129.1161613,시내
14106,199670201,원정빌라,35.18027167,129.1151383,시내
14111,199720201,고려제강,35.1778993,129.11665,시내
14114,198730101,수영성당,35.17517,129.11863,시내
14118,199660201,민락동차고지,35.15766507,129.1257082,시내
14119,199150201,진로비치아파트,35.1570121,129.1264867,시내
14120,199550301,진로아파트2단지 정문,35.15645355,129.1276666,시내
14121,199170201,진로아파트2단지옆,35.15684893,129.1282658,시내
14124,507000000,민락매립지공영주차장,35.15507076,129.1277677,시내
15001,208950201,삼락동,35.1951513,128.9853925,시내
15004,201200101,모라119안전센터,35.19146433,128.9923462,시내
15007,201350101,모라역,35.19035698,128.9891199,시내
15008,201720401,주물공단입구,35.15153,128.9785767,시내
15010,194790301,금강화학,35.19032477,128.980112,시내
15012,201350301,모라사거리,35.18769499,128.9875312,시내
15014,201250601,모라동새마을금고앞,35.18817723,128.9884661,시내
15015,201210701,모라1동행정복지센터,35.18680414,128.9897856,시내
15016,211980302,모라우성아파트,35.18938244,128.9911652,시내
15018,211980301,모라새마을금고,35.18756868,128.9906568,시내
15022,201400301,모라주공1단지,35.18476333,128.9933217,시내
15024,196040101,모라주공아파트,35.18464392,129.0011618,시내
15028,201240101,부산은행모라동지점,35.18469273,128.9867862,시내
15030,201490101,서부주유소,35.18437332,128.9768961,시내
15033,201380202,청소년지원센터.모덕역,35.18175339,128.9858094,시내
15035,201460301,자유아파트,35.18123059,128.9883521,시내
15037,201410101,부산북부고용노동지청,35.1790664,128.9886219,시내
15039,201240301,북부면허시험장,35.1784041,128.9849583,시내
15041,195170301,삼락동주민센터,35.17752795,128.9765519,시내
15045,201240302,덕포역.덕포2동행정복지센터,35.17480742,128.9841008,시내
15047,201410301,서부산공업고등학교,35.17577297,128.9883721,시내
15049,201220201,덕포초.부산도서관,35.17347782,128.9862831,시내
15051,201230301,덕포시장,35.17183753,128.9830657,시내
15053,194980102,덕포시장.덕포역,35.17250446,128.983623,시내
15055,201420301,남영아파트,35.17121609,128.98828,시내
15056,201610101,신라대학교입구,35.17011792,128.9886419,시내
15060,194940101,삼락생태공원,35.17040595,128.9771333,시내
15063,202010201,한신아파트 1차,35.16845833,128.980535,시내
15064,202000101,동원아파트앞,35.16751,128.977885,시내
15065,194550301,사상초등학교,35.16689185,128.9825626,시내
15068,201710101,괘법르네시떼역.르네시떼,35.16378333,128.97697,시내
15070,201620401,서부시외버스터미널.사상역,35.16230167,128.9839183,시내
15077,201600101,능인사,35.16615719,128.9890019,시내
15079,194540303,사상근린공원,35.15808993,128.9932944,시내
15081,194570301,삼대한의원,35.15897817,128.9879913,시내
15083,201620301,신한은행,35.16090167,128.9841833,시내
15084,194520101,산업용품상가,35.159685,128.9758833,시내
15085,201750301,감전동수문앞,35.15747648,128.9739304,시내
15087,194950101,KEB하나은행,35.15929833,128.9839917,시내
15088,201620302,감전교회,35.15840333,128.98377,시내
15089,194580302,성광약국,35.15753665,128.9847571,시내
15091,195260101,감전시장,35.15668167,128.9834933,시내
15093,194580301,감전초등학교,35.156795,128.98683,시내
15095,195130201,북부산세무서.감전역,35.1550072,128.9907053,시내
15099,201600103,사상종합복지관,35.15586497,128.9948053,시내
15100,194540302,주감중학교,35.15549786,128.9955049,시내
15101,194540301,백양마을,35.15406061,128.997899,시내
15103,195310301,주감초등학교,35.15295226,129.0010726,시내
15105,194680301,보훈병원,35.15278183,129.0043653,시내
15109,172300201,신주례엘지아파트,35.15383443,129.0157336,시내
15111,194660302,경남정보대.냉정역,35.15154804,129.0129038,시내
15115,201560101,좋은삼선병원,35.15072713,129.0088707,시내
15116,201560301,럭키아파트(주례역),35.15088774,129.0047552,시내
15117,201560302,럭키아파트.주례역,35.15086553,129.0045604,시내
15121,201530402,주례1동주민센터,35.15167523,128.9974513,시내
15124,194450101,주례사거리,35.14912833,128.9999617,시내
15128,194770202,부산구치소,35.14960766,128.994239,시내
15129,201530302,사상전화국,35.14991406,128.992322,시내
15131,195270101,사상구청,35.15279167,128.990365,시내
15134,195110201,학장입구,35.14988306,128.9862193,시내
15136,201730101,대풍주유소,35.15249,128.9824667,시내
15137,201730102,새벽시장,35.15425167,128.9829017,시내
15141,201690101,낙동대교입구,35.15234833,128.9763833,시내
15143,195290301,감전동,35.14919741,128.9711504,시내
15145,194510301,경북철강,35.14666472,128.980784,시내
15147,195050301,학장초등학교,35.14563667,128.9845967,시내
15153,194450402,학장,35.14577,128.9929117,시내
15154,194460201,동양아파트,35.1448,128.9911867,시내
15155,194460101,학장교차로,35.1448066,128.988458,시내
15157,201650101,여성문화회관,35.14020955,128.9896003,시내
15158,201650103,구덕고교,35.13927882,128.9915026,시내
15159,194430101,구학초등학교,35.13706681,128.9945922,시내
15165,201640101,학장교,35.14147166,128.9838217,시내
15167,201640301,학장중학교,35.140117,128.981701,시내
15169,202040101,유유철강,35.14246667,128.9799017,시내
15171,202040301,케스텍코리아,35.13998167,128.9777867,시내
15175,195080101,엄궁중학교,35.13670048,128.9762982,시내
15177,195100101,경동스틸,35.13641333,128.9748417,시내
15179,195100301,엄궁정비,35.13659833,128.9711983,시내
15180,201890401,부산은행사상공단지점,35.14197667,128.9701567,시내
15181,201860301,샤니케익,35.14407333,128.9698067,시내
15185,201910102,중고차매매시장,35.13404956,128.9713645,시내
15186,201930202,엄궁럭키아파트,35.133128,128.973805,시내
15187,201930101,엄궁삼거리,35.13190118,128.9721839,시내
15189,201950102,엄궁시장,35.12979667,128.9711267,시내
15191,195000301,럭키슈퍼,35.15548833,128.978945,시내
15196,201930201,엄궁사거리,35.13159925,128.9726752,시내
15198,195360401,엄궁한신1차아파트,35.125645,128.9676467,시내
15200,201940101,엄궁동주민센터,35.12865068,128.9703011,시내
15203,201250301,신모라입구,35.18641682,128.9895132,시내
15206,201740101,명성레이저,35.14958951,128.9818567,시내
15209,201320201,모라주공3.4단지,35.18606015,128.9994031,시내
15217,201920101,엄궁아파트,35.13006911,128.9735937,시내
15218,194690101,엄궁초등학교.동백맨션,35.129279,128.975808,시내
15220,194700203,코오롱아파트정문,35.12733833,128.9781867,시내
15221,194700201,코오롱아파트후문,35.12582333,128.9768133,시내
15222,194700204,대동아파트,35.123508,128.973987,시내
15223,194720301,한신아파트후문,35.12333167,128.9723533,시내
15224,194720303,한신아파트정문,35.12421833,128.97076,시내
15226,196080101,파라곤호텔,35.162355,128.9819517,시내
15227,194990401,제일약국,35.155115,128.98096,시내
15229,195240301,덕포청구아파트,35.16926333,128.9903767,시내
15231,195250101,한전북부산지점,35.16866833,128.990735,시내
15233,196060202,감전동주민센터,35.15516667,128.9804767,시내
15235,201950201,엄궁동부산은행,35.12865167,128.97142,시내
15237,201950202,엄궁초등학교,35.12845,128.9731233,시내
15238,194900101,엄궁롯데캐슬,35.12851667,128.974695,시내
15245,194700102,동백맨션,35.12932667,128.975875,시내
15246,194740101,쌍용스윗닷홈,35.124565,128.9754717,시내
15248,195040401,진흥스틸,35.14765,128.983945,시내
15249,201620101,코레일사상역,35.162752,128.988286,시내
15253,195460101,대학당약국,35.15626,128.98202,시내
15254,194570302,사상우체국,35.1605379,128.986449,시내
15256,209040201,감전동종점,35.15694814,128.9795052,시내
15258,194950402,서감초등학교,35.15797059,128.9832594,시내
15259,194950401,산업용품유통상가,35.15852909,128.9801021,시내
15261,208960201,신라대학교,35.16702596,128.9950596,시내
15269,194470301,국제식품,35.1935112,128.9832971,시내
15271,202040403,화진철강,35.14215361,128.9773489,시내
15273,202040402,학장자동차운전학원,35.14276184,128.975696,시내
15275,202040401,진성철강,35.14419525,128.9717919,시내
15277,202010202,한신아파트 2차,35.16917325,128.978999,시내
15280,194860201,엄궁농산물도매시장,35.12684941,128.9666843,시내
15281,194800302,(주)대정.성지,35.18635312,128.9772696,시내
15283,201530403,온골마을입구,35.15263019,128.9955946,시내
15285,195010101,부산전문장례식장,35.15470903,128.9734968,시내
15288,504490000,운수사입구,35.18586412,129.0037232,시내
15289,506680000,우신모라아파트,35.18496203,128.9912149,시내
16001,202590101,공수.양경마을,35.18378945,129.2104474,시내
16002,197160201,당사.공수마을,35.185925,129.2111283,시내
16003,197160102,용궁사.국립수산과학원,35.19370038,129.21981,시내
16005,202930101,무양,35.22787595,129.2253379,시내
16006,196200102,안평.고촌,35.23776218,129.1730493,시내
16007,196250101,농업기술센터,35.25301246,129.192542,시내
16008,202430101,후동입구,35.26091,129.227855,시내
16009,202160102,동해선일광역,35.26574333,129.233515,시내
16010,196630101,이천,35.26655,129.238239,시내
16012,196670102,온정,35.28374333,129.2565483,시내
16013,196710202,동백,35.28972,129.25714,시내
16014,196690102,칠암,35.29858333,129.2585,시내
16015,196740102,문동,35.3065,129.256935,시내
16016,196750201,묘관음사입구,35.32128167,129.2662117,시내
16017,197470101,월내초등학교,35.32924026,129.2819229,시내
16018,197560401,부산장안고등학교,35.3206519,129.2373011,시내
16019,212290301,내덕입구,35.32210333,129.2326033,시내
16020,196940201,기장구조대,35.32458541,129.2126586,시내
16021,196930202,예림마을,35.32518695,129.2063019,시내
16022,196930201,서편마을,35.32440363,129.2027292,시내
16023,196470201,독점마을,35.32350167,129.2008433,시내
16024,196460201,강변마을,35.32251,129.19393,시내
16025,196450201,가화테라스1차,35.321305,129.1897067,시내
16028,197340301,매곡리,35.31653492,129.1763902,시내
16030,196830101,웅천,35.28943833,129.1681533,시내
16031,197270201,석길,35.28724615,129.1641734,시내
16033,196850201,철마면행정복지센터,35.27435,129.1505733,시내
16034,197100101,구칠,35.26105833,129.1705817,시내
16035,197130101,보림,35.27175432,129.1598485,시내
16036,197110101,점현,35.26592667,129.1647183,시내
16037,209230301,덕산마을,35.32279588,129.1833841,시내
16038,212400103,신동아파밀리에후문,35.32660386,129.1766596,시내
16039,212400101,평전마을,35.32825667,129.1739967,시내
16040,196480204,산막입구,35.33054322,129.1719469,시내
16041,196510301,정원초등학교,35.33199538,129.1668846,시내
16042,196510302,모전마을,35.3370626,129.1636874,시내
16043,215090101,모전초등학교,35.3392919,129.1625725,시내
16044,196520202,정관고개,35.34539625,129.1588411,시내
16045,196550201,백운제1공원,35.35057115,129.1584835,시내
16046,196560201,두명마을,35.35554632,129.14832,시내
16047,196750202,임랑삼거리,35.31687929,129.258899,시내
16049,196940101,광명사입구,35.32134333,129.22826,시내
16050,202460101,오신,35.20774068,129.2088725,시내
16051,184490102,내리,35.20069317,129.2067866,시내
16052,197160101,동부산관광단지,35.19108669,129.2152701,시내
16053,196660101,이동수산,35.27215313,129.2506457,시내
16054,196780101,이동,35.27191757,129.2440587,시내
16057,196750101,기장문화예절학교,35.32374167,129.272565,시내
16060,202120201,무곡,35.22740833,129.2150233,시내
16063,196650201,동부산농협,35.26648167,129.2355433,시내
16064,196740101,새끝,35.30907,129.2595717,시내
16065,197150202,기차여행,35.20899607,129.2231181,시내
16066,197420101,곰내재,35.30667167,129.1723483,시내
16067,196300201,연화교차로,35.21743445,129.210872,시내
16070,197170201,연서교회,35.21487363,129.2222595,시내
16072,202710201,좌동리교차로,35.31749,129.2418967,시내
16074,202160101,일광해수욕장입구,35.26253833,129.2317,시내
16078,197170102,해광사,35.2053903,129.224034,시내
16079,197140101,동암정문,35.196305,129.2222267,시내
16080,197140102,동암후문,35.19803667,129.2232683,시내
16082,197180102,연화리,35.22005333,129.2267317,시내
16083,196550202,용천사,35.352489,129.1546784,시내
16084,196260101,만화리영락동산,35.25028827,129.1894075,시내
16085,197190101,신암,35.21829333,129.2255033,시내
16086,196480202,정관읍사무소.기장소방서,35.32509347,129.1805875,시내
16087,196700201,문중,35.30196333,129.2574667,시내
16089,197170202,서암,35.21574167,129.2235867,시내
16091,197040301,고원1차아파트,35.33218,129.283045,시내
16092,209380301,고원3차아파트,35.33806009,129.2837559,시내
16093,209240101,중앙중학교,35.32211333,129.18477,시내
16095,202590102,공수.당사마을,35.18669507,129.2116863,시내
16268,,삼덕입구,35.27092528,129.2313569,
16271,,장안제일고등학교,35.31450005,129.2432967,
16273,,현진에버빌후문사거리,35.33553546,129.1692764,
16274,,현진에버빌 후문 사거리,35.33545785,129.1688712,
16288,,정관주민자치회관,35.32327262,129.1724756,
16289,,동일스위트1차,35.32414743,129.1714324,
16290,,부산프리미엄아울렛,35.32196324,129.234095,
16291,,달산초등학교,35.31960328,129.1860225,
16293,,신정초등학교,35.33155618,129.1667821,
16295,,동일스위트3차,35.33837181,129.1685741,
16301,,LH4단지,35.32089366,129.1913628,
16302,,동원로얄듀크1차 아파트,35.31873431,129.1919894,
16305,,정관산단입구,35.31696772,129.1866589,
16312,,용소삼거리,35.34096932,129.2497197,
16333,,국립부산과학관,35.20298022,129.213557,
16338,,월내시장(길천방향),35.32639404,129.2768241,
16339,,월내시장(임랑방향),35.32659185,129.2769427,
16342,,임랑마을,35.31780189,129.2615,
16351,,달산마을,35.32321896,129.1912351,
16353,,옛터어린이공원입구,35.32321896,129.1912351,
16355,,정관농협기업지점,35.32123886,129.1764934,
16384,,비스타동원1차,35.26629852,129.2269273,
16503,,기장도서관,35.25012157,129.2168723,
16508,,기장지구대,35.24619571,129.2170469,
16510,,기장중학교,35.24404451,129.2169215,
16516,,죽성사거리,35.23996,129.220265,
16518,,청강사거리(해운대방향),35.23678719,129.2180205,
16519,,기장2주공,35.23488386,129.216584,
16521,,한신아파트,35.24951621,129.2136337,
16522,,이진아파트,35.25027345,129.2090875,
16523,,만화리입구,35.25272769,129.2053867,
16528,,대라리사거리,35.23865117,129.2135826,
16530,,청강사거리(기아자동차앞),35.23618522,129.21727,
16533,,기장군청,35.244755,129.2208317,
16534,,기장전화국,35.24199693,129.2133321,
16535,,청강사거리(씨앤스타빌앞),35.23721017,129.2189938,
16536,,기장시장,35.24490541,129.2167408,
16540,,기장1주공,35.23806541,129.2127319,
16542,,기장체육관,35.25206693,129.2232238,
16546,,교리초등학교,35.25428723,129.2164263,
16547,,기장교리아파트,35.2532112,129.2139815,
16549,,기장초등학교,35.24388124,129.2134661,
16550,,아름공원,35.24141701,129.2143488,
16551,,기장성당,35.24103497,129.2179823,
16557,,교리,35.25251274,129.2140505,
16562,,청강사거리(탐라포크앞),35.23647339,129.2175407,
92443,,송정방근마을(세계로교회),35.09954128,128.8420789,
번호없음,,국내선,35.17079848,128.9506443,
번호없음,,김해공항 국제선,35.17394928,128.94719,
15072,,서부시외버스터미널,35.1632368,128.9840366,
15095,,북부산세무서(감전역),35.1550072,128.9907053,
15097,,북부산세무서,35.15499927,128.9915569,
15109,,신주례LG아파트,35.15388422,129.0157011,
15111,,경남정보대,35.15161316,129.0127978,
15115,,삼선병원,35.15064549,129.0086445,
15119,,럭키아파트(주례),35.15014199,129.0026047,
15168,,학장중학교-1,35.14011579,128.9816228,
15175,,엄궁중학교-1,35.13677747,128.9764149,
15186,,엄궁 럭키아파트,35.13307568,128.9739114,
15224,,한신아파트 정문,35.12431945,128.9707327,
15261,,신라대종점,35.17234687,128.9983565,
15282,,대정. 성지,35.18648573,128.9782826,
16001,,공수,35.18390461,129.2104795,
16002,,당사양경마을,35.19543572,129.2215639,
16006,,안평고촌,35.23776198,129.1730463,
16007,,농업기술센터(기장방면),35.25301778,129.1924934,
16009,,일광역,35.26571288,129.2337339,
16033,,철마면사무소(기장방향),35.27428368,129.1503065,
16038,,신동아파밀리에 후문,35.32567946,129.1759741,
14007,,망미지하철역,35.17197977,129.1073042,
14008,,수영강변3차 e-편한세상,35.18006517,129.1165816,
14011,,망미중소 기업은행,35.17335166,129.1002985,
14012,,망미중소기업은행,35.17330665,129.0994383,
14030,,수영현대아파트,35.16621107,129.1235618,
14046,,수영교차로,35.16822452,129.1170304,
14059,,광안지하철역,35.15932356,129.1131988,
14060,,광안시장(광안역),35.15832656,129.1168187,
14067,,광안농협,35.15746862,129.1197991,
14072,,공무원교육원,35.15317812,129.1122294,
14082,,금련산청소년수련,35.14702955,129.1105032,
14083,,남천지하철역,35.14171236,129.1078905,
14084,,수영강변1차 e-편한세상,35.1794407,129.1169,
14102,,메가마트 남천점,35.13759118,129.1089789,
15004,,모라1동주민센터,35.19195589,128.9926106,
15007,,모라지하철역,35.18997995,128.989259,
15027,,동원아파트(모라),35.18323699,128.9897162,
15034,,청소년지원센터(모덕역),35.17443528,128.9856076,
15037,,북부노동청,35.17891675,128.9888949,
15047,,부산에너지과학고교,35.17571991,128.988682,
13012,,"법원,검찰청(거제역)",35.18921605,129.0751294,
13016,,"법원, 검찰청",35.190192,129.0707241,
13026,,경남아파트.농산물품질관리,35.1865002,129.0715745,
13027,,경남아파트.농산물품질관리원,35.1872337,129.0728878,
13029,,삼정그린코아아파트,35.18897352,129.0619041,
13031,,거제해맞이역,35.18177491,129.069405,
13033,,거제리,35.18226467,129.0703946,
13035,,양정유림아파트,35.17663938,129.0674462,
13051,,연산지하철역,35.18618258,129.0805528,
13057,,연산농협,35.18935036,129.0858657,
13059,,연산1치안센터,35.19147222,129.0882436,
13072,,경상대학 서문,35.1855516,129.097733,
13082,,부산소방본부,35.18522072,129.1074395,
13091,,배산지하철역,35.17319673,129.0959211,
13702,,동해선 교대역,35.19271914,129.0799215,
12012,,대사리2구,35.21803088,128.9365569,
12013,,원예시험장,35.21672205,128.9404986,
12015,,평강,35.21397505,128.9487171,
12017,,"강서복지회관,우편집중국",35.21487944,128.9592626,
12028,,경전철 덕두역,35.18131954,128.9541054,
12032,,강서구청지하철역,35.21085717,128.9805811,
12068,,녹산폐기물매립장,35.08962371,128.8666175,
12101,,경일중학교,35.11360109,128.924386,
12254,,호산나교회,35.08302567,128.9093764,
12264,,부산지방중소기업청,35.08918286,128.8555987,
12273,,"퀸덤1,2단지",35.08716652,128.9042074,
12281,,극동스타클래스아파트/퀸덤3단지,35.08637231,128.8998465,
12401,,두산위브아파트,35.08251465,128.8977625,
12413,,금강 협성아파트,35.1503127,128.8358947,
12473,,"명지초교, 명지중학교",35.10384125,128.9263356,
12509,,LH오션타운,35.0961675,128.914569,
12518,,더에듀팰리스부영,35.11163195,128.9179415,
11006,,부산종합터미널,35.28366544,129.0943174,
11007,,노포동부산종합버스터미널,35.28391559,129.0964875,
11010,,범어사지하철역,35.27407065,129.0924725,
11032,,침례병원(남산역),35.26606567,129.0928951,
11033,,침례병원,35.26613093,129.0922066,
11039,,남산소방서,35.26082635,129.0874715,
11044,,두실지하철역,35.25817427,129.091614,
11052,,롯데캐슬 정문,35.25120003,129.0888564,
11057,,태광산업,35.24912297,129.0921162,
11061,,구서시장,35.24661678,129.0890408,
11063,,국민은행구서동지점,35.24479338,129.0881914,
11067,,금정구청 부산가톨릭대,35.24288456,129.0935001,
11071,,장전지하철역,35.24085028,129.0882932,
11080,,부산대학정문,35.23229941,129.0869971,
11102,,온천장지하철역,35.22196771,129.0866854,
11105,,부곡4동주민센터 온천장역,35.22016759,129.0884085,
11110,,부곡2동,35.22869,129.0907067,
11129,,서1동 새마을금고,35.21661549,129.0985802,
11136,,동상초등학교(서동역),35.21243813,129.1072144,
11145,,서금지구대(금사역),35.21610012,129.116483,
10055,,사남 초등학교,35.09663282,128.9809356,
10063,,사하전화국,35.10037361,128.981406,
10068,,사하구청,35.10283587,128.9751314,
10072,,하단오병원,35.10493302,128.9703151,
10096,,을숙도,35.10801,128.9473,
10108,,"가락타운2,3단지",35.10163489,128.9594573,
10115,,신평지하철역,35.09421684,128.9609345,
10162,,장림삼거리,35.07999,128.9773,
10166,,장림현대아파트,35.07508913,128.9765084,
10171,,주공2지구,35.0677,128.9793,
10177,,다대푸르지오,35.06052923,128.974313,
10185,,다대수협,35.05619159,128.972027,
10226,,장림시장교차로,35.08280756,128.9658715,
9136,,센텀시티역 벡스코,35.16751936,129.1337732,
9190,,센텀피오레아파트,35.19294,129.1186,
9199,,장산중학교,35.1984026,129.118236,
9200,,반여1동주민센터/장산초등학교,35.20065668,129.119428,
9202,,삼어교입구,35.20392695,129.120096,
9228,,반송우체국,35.22558445,129.147513,
9239,,반송(동부산대학역),35.2329683,129.1541011,
9253,,스펀지,35.16525454,129.1621888,
9344,,동해남부선 해운대역,35.18177546,129.1779068,
9703,,동해선 재송역,35.19051122,129.1204106,
9707,,동부지청어귀 교차로,35.18256695,129.1224645,
9709,,동해선 센텀역,35.1796634,129.1253903,
9715,,동해선 벡스코역,35.17179239,129.133856,
9717,,벡스코 시립미술관,35.17027313,129.1376277,
9718,,올림픽교차로 환승센터,35.17004271,129.1373057,
10011,,부일전자디자인고,35.08994149,128.9994065,
8064,,덕천교차로(호포),35.21218555,129.0048207,
8069,,구포지하철역,35.20610008,128.9967189,
8087,,구 남 역,35.19678176,128.9951648,
8088,,구남역,35.19692519,128.9950248,
8098,,구포시장입구,35.20457914,129.00295,
8119,,덕천지하철역,35.21102948,129.0079389,
8124,,숙등지하철역,35.21187718,129.0132778,
8130,,남산정지하철역,35.21311575,129.0230104,
8150,,만덕삼성아파트,35.2120925,129.0365707,
8171,,청우파크맨션,35.21002225,129.0169731,
8191,,구포유림아파트,35.19803681,129.0029142,
9006,,동해남부선송정역,35.1840371,129.2012204,
9019,,미포문텐로드입구,35.16130212,129.1725415,
9038,,부흥고등학교.해운대백병원,35.17346929,129.1823927,
9039,,아세안문화원,35.17486983,129.1811077,
7052,,지게골지하철역,35.13461832,129.0756943,
7053,,지게골지하철,35.13506,129.0757,
7061,,못골시장(수영),35.13484,129.0888,
7064,,대연동 부산은행,35.13426183,129.0944425,
7077,,우암2동새마을금고,35.12528,129.0703,
7097,,부산외대우암동캠퍼스,35.1224895,129.083589,
7112,,동명대학교 후문,35.12088794,129.0982109,
7120,,동명대학교 정문,35.12220902,129.0995127,
7156,,청구APT,35.15205067,129.0907033,
7157,,삼익그린아파트,35.15224219,129.0875566,
7159,,대우APT,35.15032473,129.0893844,
7168,,국제금융센터,35.1453277,129.0664835,
8024,,수정지하철역,35.22285,129.0091,
8030,,율리지하철역,35.24692,129.013,
8046,,북구보건소 인도네시아센터,35.23917,129.0143,
8047,,화신중학교,35.23762927,129.0125504,
8051,,대림아파트(구포),35.23187905,129.0131516,
8057,,화명주공후문,35.22513509,129.0102428,
8060,,수정강변타운,35.22035,129.0077,
6076,,메가마트 동래점 (6716동일),35.20287106,129.0809766,
6079,,동래지하철역,35.20391,129.0782,
6082,,동래역(내성교차로),35.20371078,129.0783527,
6087,,미남교차로,35.20752417,129.0711359,
6093,,미남지하철역,35.20366071,129.0660228,
6100,,안남초교,35.19202393,129.107166,
6108,,사직2동주민센터(삼익A후문방면),35.20024617,129.0573343,
6109,,사직2동주민센터(사직초등학교방면),35.20024617,129.0573343,
6141,,구)송월타울,35.19980078,129.0775539,
6142,,(구)송월타올,35.20032,129.078,
6170,,안락경동아파트입구,35.19218722,129.1047312,
6195,,충렬사.서원시장,35.20129422,129.0982331,
6197,,충렬사서원시장,35.20036936,129.0982185,
6198,,명장조양맨션,35.20407603,129.1007706,
6203,,협진태양맨션(서동역방면),35.21012824,129.1048414,
6204,,협진태양맨션(명장정수사업소방면),35.21019846,129.1044621,
6701,,원동교 앞,35.19400111,129.1128955,
6703,,안락뜨란채 삼거리,35.1949,129.11,
6707,,안락동 우체국 (동해선 안락역),35.19694,129.1021,
6709,,낙민역(동래고등학교),35.19963,129.0927,
6713,,수안역(동래교차로),35.20174093,129.0842758,
6715,,메가마트 동래점,35.20282729,129.0820492,
7002,,동부산변전소,35.14712734,129.0946121,
7003,,성모병원·대남초등학교 입구,35.14712734,129.0946121,
7006,,구.남부경찰서,35.13746004,129.1002456,
7007,,경성대 부경대역,35.13746004,129.1002456,
7015,,대연동제일은행,35.13519652,129.0948591,
5189,,롯데호텔 백화점,35.15790053,129.055989,
5194,,부암지하철역,35.15721,129.049,
5211,,범천2동주민센터,35.14840551,129.0538062,
5223,,상공회의소,35.14778295,129.0613887,
5227,,범내골,35.14860484,129.059665,
5230,,혜화사관학원,35.14987805,129.0582787,
5264,,문전시장,35.15024175,129.0669842,
5268,,가야시장,35.15627673,129.0434444,
5344,,부산글로벌빌리지(부암역),35.15712,129.0511,
6011,,SK허브스카이,35.22185222,129.0848063,
6022,,온천장입구,35.21683398,129.083012,
6024,,온천장 입구,35.21815516,129.0825776,
6033,,명륜동역,35.2135,129.0797,
6038,,한국소방안전협회,35.21435,129.0834,
6050,,농협,35.21022118,129.0731544,
4056,,교통순찰대,35.09374778,129.0464484,
4061,,한진중공업,35.09851346,129.0537354,
4068,,청학동 부산은행,35.09638287,129.06188,
4085,,일동미라주,35.0811777,129.0709346,
4086,,동삼주택,35.07899615,129.070676,
4088,,동삼동국민은행,35.07618512,129.0721375,
4101,,동삼동전화국,35.07328922,129.0715096,
4107,,동삼중학교,35.07581484,129.0677459,
4187,,영선2동주민센터,35.08699136,129.0420002,
5005,,동호정보고등학교,35.17511551,129.0764098,
5011,,양정지하철역,35.17410649,129.0737123,
5026,,양정칸타빌아파트,35.17065956,129.0671931,
5051,,LG사이언스홀,35.17010524,129.0500466,
5148,,대한주택공사,35.15717454,129.0253394,
3081,,초량,35.11971024,129.0415132,
3091,,안창병원,35.1227526,129.044196,
3092,,초량역,35.12241255,129.0440056,
3136,,좌천동가구거리,35.13532992,129.0550255,
3139,,범일동지하철역,35.13822905,129.0590907,
3140,,부산은행본점,35.13843833,129.0596246,
3144,,시민회관,35.13822366,129.0621624,
3146,,(구)영남예식장,35.13885545,129.060993,
3147,,부산진소방서,35.13982452,129.0596658,
3149,,자유시장,35.14055438,129.0602482,
3165,,금성고교,35.13481028,129.0518532,
4028,,영선위로터리,35.08558749,129.042274,
2064,,부산대학병원,35.10145029,129.0199338,
2066,,아미동입구,35.10054992,129.0180244,
2087,,충무동 해안시장,35.09609696,129.0252298,
2103,,남부민시장,35.09314,129.0221,
2104,,충무동새벽시장,35.0926726,129.0236741,
2113,,남부민경로당,35.08739043,129.0218656,
2130,,고신의료원,35.08157284,129.0160235,
2181,,동아대 부민캠퍼스,35.10761872,129.0218056,
3002,,보림극장,35.14076916,129.056253,
3042,,부산컴퓨터 과학고교,35.12224617,129.0337736,
1006,,중앙공원,35.11434,129.0301,
1022,,중구청 메리놀병원,35.10782,129.0341555,
1039,,중부경찰서,35.1075923,129.0359895,
1041,,중앙동(중앙역),35.10683915,129.0364956,
1042,,중앙동,35.10545674,129.0358903,
1048,,백산기념관,35.10264627,129.0342039,
1049,,연안여객부두,35.10185786,129.0368636,
1061,,영도대교(롯데마트앞),35.09709006,129.035917,
1074,,남포동피프광장,35.09823855,129.0288967,
1082,,자갈치입구,35.09762957,129.0287171,
2019,,화랑초교,35.10993654,129.0221944,
2025,,서여자고교,35.11399607,129.0200709,
2033,,부경고(앞),35.11325985,129.0135387,
2039,,광민약국,35.11096523,129.0096324,
2040,,서부경찰서,35.10992088,129.0129319,
2042,,부경고(건너편),35.11702232,129.016835,
2051,,서대시장(동대신역),35.10985875,129.0175947,
16048,,임랑삼거리(월내방향),35.317798,129.2617369,
16056,,농업기술센터(반송방면),35.25282524,129.1914425,
16069,,용궁사국립수산과학원,35.19543572,129.2215639,
16077,,안평 고촌,35.23682293,129.1701138,
16086,,정관읍사무소,35.35615264,129.1514999,
16103,,추모공원,35.34781422,129.1590267,
16108,,관음사입구,35.32106731,129.2659156,
16116,,대변(무양방면),35.31715985,129.2603201,
16139,,장안고등학교,35.32039795,129.2376738,
16168,,임랑해수욕장입구,35.31645172,129.2604433,
16172,,정관읍사무소 기장소방서,35.32540384,129.1789133,
16175,,좌천삼거리,35.31284349,129.2438338,
16176,,철마면사무소(철마방향),35.27443744,129.1510094,
16181,,한국폴리텍동부산캠퍼스,35.31669133,129.1785613,
16193,,임곡,35.35169683,129.1355035,
16195,,월평교차로,35.35837167,129.1414416,
16201,,롯데캐슬(롯데1차),35.32928977,129.1678927,
16202,,롯데캐슬(롯데2차),35.32928977,129.1678927,
16203,,내리초등학교,35.20560399,129.2062449,
16205,,화전교차로,35.27921556,129.2321505,
16206,,화전리일광초등학교,35.279445,129.232079,
16207,,한진해모로,35.32312199,129.1728344,
16209,,계룡리슈빌,35.32327262,129.1724756,
16211,,정관롯데캐슬,35.32761474,129.1693772,
16212,,휴먼시아1차,35.32760358,129.1689987,
16213,,현진에버빌,35.33468871,129.1689936,
16219,,구연마을,35.32037496,129.1841806,
16221,,신동아파밀리에 정문,35.32535657,129.1773361,
16222,,신동아파밀리에,35.32535657,129.1773361,
16223,,솔마루공원,35.33550165,129.1648963,
16234,,횡계마을,35.27410346,129.2302557,
16235,,고촌휴먼시아아파트,35.23889289,129.1720282,
16237,,원자력의학원,35.32103524,129.2423366,
16239,,정관센트럴파크아파트,35.31961174,129.1835805,
16246,,청광아시아드컨트리클럽,35.29564256,129.2368301,
16249,,동원로얄듀크2차,35.31968124,129.1779564,
16250,,정관홈플러스,35.32356745,129.1761228,
16255,,소두방공원,35.32320232,129.1846934,
16256,,서희스타힐스,35.32374475,129.1889532,
16258,,이지더원1차아파트,35.34136487,129.1645794,
