부산,7018
장애인,6118
사업,5156
지역,4606
교통,4060
서울,4040
지원,4010
한국,3632
위해,3284
사회,3204
의원,2808
정책,2707
운영,2655
시민,2587
기자,2507
정부,2499
과장,2422
대표,2407
시설,2347
안전,2285
센터,2224
후보,2182
이용,2175
관리,2079
추진,2019
서비스,1998
국민,1989
도시,1986
계획,1950
복지,1948
대한,1945
전국,1939
문제,1821
통해,1802
교육,1762
부산시,1752
제공,1732
산업,1721
때문,1674
본부,1671
위원회,1660
공사,1658
우리,1620
문화,1578
관련,1546
사람,1537
경우,1534
지난,1529
개발,1520
대상,1517
오전,1505
것,1503
버스,1476
경제,1465
휠체어,1458
환경,1447
기술,1436
오후,1416
예산,1396
부장,1390
생각,1383
진행,1364
지금,1363
설치,1362
대해,1346
기관,1341
노인,1340
기업,1332
지난해,1310
주민,1299
말,1297
확대,1297
주택,1294
대구,1285
대통령,1281
여성,1274
차량,1273
이상,1263
개선,1251
활동,1247
이번,1243
위원장,1239
지하철,1235
도시철도,1234
코로나,1228
민주당,1216
올해,1214
정보,1210
약자,1200
광주,1185
수,1178
시장,1165
회장,1164
국가,1161
행정,1140
인천,1133
택시,1126
일자리,1115
공단,1104
기획,1100
관광,1089
국회,1084
생활,1078
경남,1068
건설,1065
스마트,1054
무임,1041
마련,1030
상황,1022
시작,1009
예정,1005
청년,998
뉴스,993
시행,993
경찰,989
사진,986
울산,971
위원,970
의회,963
지자체,956
교수,946
도로,937
운행,927
평가,926
참여,924
경기,922
도입,919
미래,913
기준,907
사고,902
제도,898
대책,894
조사,894
조성,890
현재,887
가장,874
통합,869
분야,861
회의,857
지방,853
시간,852
서울시,845
중앙,841
단체,835
선정,833
본부장,831
종합,827
발전,826
사실,824
학교,822
병원,821
구축,815
경북,810
담당,810
장관,795
국제,791
실장,786
발생,783
승차,779
금융,772
현장,768
이동,760
지점,758
협력,757
행사,756
가족,752
장애,751
결과,749
관계자,747
세계,745
특별,743
모두,739
이후,723
명,719
중심,709
등,708
개,707
연합,707
시스템,705
대전,704
